sku,product_name,category,avg_daily_demand,demand_cv,cv_band,revenue,abc_class
SKU-00088,Resin Pellets Lite-88,Raw Materials,797.1263736263736,0.34446854828615275,Medium,8791842.700000001,A
SKU-00024,Resin Pellets Std-24,Raw Materials,167.49725274725276,0.4086620020483818,Medium,5308408.91,A
SKU-00053,Synthetic Fiber X-53,Textiles,263.64972527472526,0.3777386858391263,Medium,3776283.63,A
SKU-00068,Sensors Pro-68,Electronics,40.35576923076923,0.3732290914846847,Medium,3764292.7,A
SKU-00037,Resin Pellets Std-37,Raw Materials,119.43543956043956,0.45457155275149863,Medium,3120389.22,A
SKU-00049,Connectors Plus-49,Electronics,161.82967032967034,0.4301988375362276,Medium,2802159.17,A
SKU-00076,Gearboxes Lite-76,Machinery Parts,182.92032967032966,0.34043654902386383,Medium,2640968.6999999997,A
SKU-00041,Cotton Fabric Plus-41,Textiles,256.9519230769231,0.26869910017762816,Low,2363630.4,A
SKU-00017,Steel Coil X-17,Raw Materials,55.45879120879121,0.33811322505445635,Medium,2255841.48,A
SKU-00029,Coatings Lite-29,Chemicals,81.63186813186813,0.42030653008980223,Medium,2034009.0600000003,A
SKU-00043,Pallets Pro-43,Packaging,34.5728021978022,0.3763043786979902,Medium,1888753.07,A
SKU-00020,Steel Coil X-20,Raw Materials,124.69642857142857,0.23648630443069663,Low,1189669.32,A
SKU-00038,Sensors Pro-38,Electronics,122.75824175824175,0.3826031134273469,Medium,1138325.58,A
SKU-00079,Zippers X-79,Textiles,25.49175824175824,0.32968790768116896,Medium,1136229.8099999998,A
SKU-00031,Valves Plus-31,Machinery Parts,99.19505494505495,0.33049770159847025,Medium,1116211.8599999999,A
SKU-00067,Pallets X-67,Packaging,42.58379120879121,0.4496388971422852,Medium,836720.1,A
SKU-00005,Steel Coil Plus-5,Raw Materials,50.559065934065934,0.38974823867367153,Medium,817276.72,A
SKU-00069,Resin Pellets Std-69,Raw Materials,101.2293956043956,0.4779329496188909,Medium,710617.8300000001,A
SKU-00087,Valves Std-87,Machinery Parts,190.61401098901098,0.26355181586215387,Low,686531.87,A
SKU-00056,Gearboxes Lite-56,Machinery Parts,19.660714285714285,0.41044324953132855,Medium,680975.95,A
SKU-00078,Steel Coil X-78,Raw Materials,33.357142857142854,0.2414088658157813,Low,571035.12,A
SKU-00071,Circuit Boards Lite-71,Electronics,62.47664835164835,0.48012715351289736,Medium,514120.25,A
SKU-00012,Displays Pro-12,Electronics,98.99038461538461,0.48634360127942755,Medium,499449.48000000004,A
SKU-00044,Adhesives Plus-44,Chemicals,19.978021978021978,0.42858239906857426,Medium,497074.44999999995,A
SKU-00003,Cartons Plus-3,Packaging,6.039835164835165,0.29422459215372815,Low,487138.68,A
SKU-00073,Synthetic Fiber Std-73,Textiles,76.9739010989011,0.3300780600908784,Medium,480542.39999999997,B
SKU-00045,Zippers Plus-45,Textiles,41.03846153846154,0.3975154972834699,Medium,474461.95,B
SKU-00010,Steel Coil X-10,Raw Materials,17.29945054945055,0.29982697091045923,Low,467969.49000000005,B
SKU-00001,Cotton Fabric Plus-1,Textiles,36.08516483516483,0.3241933615971824,Medium,467925.60000000003,B
SKU-00008,Cartons Std-8,Packaging,10.809065934065934,0.39639455098800824,Medium,433812.5,B
SKU-00082,Displays Lite-82,Electronics,44.94505494505494,0.5770768318463221,High,433165.44,B
SKU-00077,Solvents Lite-77,Chemicals,71.41071428571429,0.39766316324206236,Medium,417397.63999999996,B
SKU-00080,Adhesives Pro-80,Chemicals,28.625,0.40180704771235776,Medium,398581.66000000003,B
SKU-00025,Pallets Pro-25,Packaging,14.125,0.43077111319608635,Medium,392292.36000000004,B
SKU-00089,Circuit Boards X-89,Electronics,19.23489010989011,0.3057142258988512,Medium,384029.78,B
SKU-00002,Circuit Boards Lite-2,Electronics,59.385989010989015,0.2878670960192272,Low,376556.88,B
SKU-00016,Steel Coil Std-16,Raw Materials,5.660714285714286,0.3440292851237385,Medium,365784.48,B
SKU-00030,Connectors X-30,Electronics,51.482142857142854,0.36495544563043236,Medium,332352.18,B
SKU-00046,Displays Lite-46,Electronics,31.664835164835164,0.3361803367429504,Medium,330605.51999999996,B
SKU-00085,Resin Pellets Plus-85,Raw Materials,35.81730769230769,0.34907154943527147,Medium,318657.5,B
SKU-00063,Motors Std-63,Machinery Parts,46.282967032967036,0.3329483894585229,Medium,302961.68,B
SKU-00004,Solvents Std-4,Chemicals,27.11675824175824,0.31169782464978996,Medium,296298.08999999997,B
SKU-00064,Synthetic Fiber X-64,Textiles,55.27197802197802,0.7162917270351569,High,293556.48000000004,B
SKU-00040,Valves Std-40,Machinery Parts,13.729395604395604,0.33121819359076604,Medium,268414.92,B
SKU-00033,Coatings Pro-33,Chemicals,41.29945054945055,0.3851771486002927,Medium,252128.06,B
SKU-00065,Solvents X-65,Chemicals,4.282967032967033,0.3408890973271007,Medium,235220.15999999997,B
SKU-00026,Gearboxes Lite-26,Machinery Parts,17.47664835164835,0.481252266790586,Medium,234762.55999999997,B
SKU-00013,Adhesives Pro-13,Chemicals,25.478021978021978,0.3593141287006734,Medium,232293.6,B
SKU-00083,Circuit Boards Std-83,Electronics,16.895604395604394,0.623546861474949,High,227275.65,B
SKU-00052,Solvents Lite-52,Chemicals,14.076923076923077,0.3949507537405876,Medium,224321.72,B
SKU-00034,Wrap Film Lite-34,Packaging,8.759615384615385,0.4450893716012492,Medium,203152.08,B
SKU-00057,Solvents Std-57,Chemicals,11.630494505494505,0.4811218888274974,Medium,201974.84999999998,C
SKU-00051,Solvents Plus-51,Chemicals,13.353021978021978,0.4317755763466148,Medium,199799.5,C
SKU-00081,Wrap Film Std-81,Packaging,18.541208791208792,0.259582637992019,Low,198189.9,C
SKU-00066,Zippers X-66,Textiles,20.332417582417584,0.3786604398769348,Medium,191535.03,C
SKU-00061,Cotton Fabric Pro-61,Textiles,25.888736263736263,0.3459163364621857,Medium,180319.15999999997,C
SKU-00084,Adhesives Plus-84,Chemicals,10.942307692307692,0.42395490367567046,Medium,146255.84,C
SKU-00050,Synthetic Fiber Std-50,Textiles,26.607142857142858,0.404088650026119,Medium,139356.33000000002,C
SKU-00014,Zippers Lite-14,Textiles,46.494505494505496,0.369377009902211,Medium,120993.6,C
SKU-00054,Coatings X-54,Chemicals,25.48763736263736,0.39831344204321606,Medium,120713.67,C
SKU-00019,Coatings Plus-19,Chemicals,15.833791208791208,0.38128113847026124,Medium,114555.18000000001,C
SKU-00062,Resin Pellets Lite-62,Raw Materials,3.717032967032967,0.3341769134356482,Medium,108012.3,C
SKU-00074,Resin Pellets X-74,Raw Materials,6.116758241758242,0.3394966429842712,Medium,97590.01000000001,C
SKU-00007,Solvents Std-7,Chemicals,6.122252747252747,0.45503277614383747,Medium,94706.8,C
SKU-00021,Wrap Film X-21,Packaging,20.8489010989011,0.4207949766750373,Medium,87934.29,C
SKU-00035,Adhesives Lite-35,Chemicals,10.276098901098901,0.34571600553594817,Medium,82015.09999999999,C
SKU-00059,Coatings Plus-59,Chemicals,12.278846153846153,0.37434877620188095,Medium,76861.2,C
SKU-00009,Displays Pro-9,Electronics,20.407967032967033,0.36635179636271226,Medium,68424.37,C
SKU-00090,Zippers X-90,Textiles,18.717032967032967,0.2508444015229092,Low,66555.0,C
SKU-00018,Labels Pro-18,Packaging,10.883241758241759,0.32331192354060256,Medium,62201.700000000004,C
SKU-00042,Zippers Plus-42,Textiles,7.043956043956044,0.4326006153037795,Medium,59295.2,C
SKU-00023,Steel Coil Std-23,Raw Materials,22.310439560439562,0.4567640687818701,Medium,57881.34,C
SKU-00028,Resin Pellets Plus-28,Raw Materials,3.3846153846153846,0.5723611454304715,High,56525.04,C
SKU-00072,Steel Coil Std-72,Raw Materials,6.846153846153846,0.2634392754193756,Low,55673.7,C
SKU-00015,Aluminum Sheet Lite-15,Raw Materials,11.364010989010989,0.31787399786919746,Medium,52531.560000000005,C
SKU-00006,Coatings X-6,Chemicals,7.762362637362638,0.6161458651598134,High,51372.69,C
SKU-00086,Gearboxes X-86,Machinery Parts,3.7225274725274726,0.3544894003617211,Medium,43050.54,C
SKU-00075,Displays Lite-75,Electronics,4.1291208791208796,0.46739978966516055,Medium,36647.82,C
SKU-00027,Steel Coil Pro-27,Raw Materials,8.695054945054945,0.35606062694401447,Medium,34437.57,C
SKU-00022,Wrap Film Lite-22,Packaging,22.707417582417584,0.3052066251819506,Medium,32369.760000000002,C
SKU-00048,Aluminum Sheet Plus-48,Raw Materials,4.510989010989011,0.2778288623467072,Low,29906.31,C
SKU-00058,Solvents Plus-58,Chemicals,18.759615384615383,0.4526918295808466,Medium,28498.1,C
SKU-00047,Valves Std-47,Machinery Parts,11.598901098901099,0.39640310410687807,Medium,25905.55,C
SKU-00060,Resin Pellets Pro-60,Raw Materials,5.193681318681318,0.4500338895361852,Medium,24492.37,C
SKU-00039,Solvents Std-39,Chemicals,13.634615384615385,0.4385473588955919,Medium,21511.9,C
SKU-00055,Sensors Plus-55,Electronics,4.166208791208791,0.3171053247799183,Medium,19191.48,C
SKU-00032,Solvents Plus-32,Chemicals,10.256868131868131,0.33236845249412905,Medium,19042.21,C
SKU-00011,Connectors X-11,Electronics,8.072802197802197,0.35796755064461466,Medium,14775.91,C
SKU-00070,Bearings Pro-70,Machinery Parts,7.59065934065934,0.3194268286286741,Medium,10694.849999999999,C
SKU-00036,Displays Plus-36,Electronics,4.836538461538462,0.41801275075886646,Medium,9484.480000000001,C
