rank,sku,category,abc_class,week_start,actual,forecast,baseline_forecast,error,abs_error,pct_error,promo_flag,promo_lag1,tag_outlier_week,tag_promo_week,tag_post_promo_week,tag_seasonal_turn,primary_cause,direction,mlp_beats_baseline,manual_cause,notes
1,SKU-00088,Raw Materials,A,2025-08-18,8644.0,6272.6,5061.9,-2371.4,2371.4,-0.274,1,1.0,1,1,0,0,outlier_week,under-forecast,1,,
2,SKU-00088,Raw Materials,A,2025-08-25,4057.0,5488.1,6494.8,1431.1,1431.1,0.353,0,1.0,0,0,1,0,post_promo_week,over-forecast,1,,
3,SKU-00088,Raw Materials,A,2025-07-28,3799.0,4407.8,4516.6,608.8,608.8,0.16,0,0.0,0,0,0,0,no_clear_cause,over-forecast,1,,
4,SKU-00020,Raw Materials,A,2025-09-01,1599.0,1106.5,958.2,-492.5,492.5,-0.308,1,1.0,1,1,0,1,outlier_week,under-forecast,1,,
5,SKU-00064,Textiles,B,2025-08-25,1092.0,609.2,599.9,-482.8,482.8,-0.442,1,1.0,1,1,0,1,outlier_week,under-forecast,1,,
6,SKU-00088,Raw Materials,A,2025-05-26,3989.0,4470.2,4673.5,481.2,481.2,0.121,0,0.0,0,0,0,1,seasonal_turn,over-forecast,1,,
7,SKU-00049,Electronics,A,2025-08-11,1988.0,1549.7,1627.7,-438.3,438.3,-0.22,0,0.0,0,0,0,0,no_clear_cause,under-forecast,0,,
8,SKU-00049,Electronics,A,2025-06-02,1669.0,1242.2,1243.5,-426.8,426.8,-0.256,0,0.0,0,0,0,1,seasonal_turn,under-forecast,0,,
9,SKU-00037,Raw Materials,A,2025-06-30,760.0,1173.3,871.6,413.3,413.3,0.544,1,0.0,0,1,0,0,promo_week,over-forecast,0,,
10,SKU-00053,Textiles,A,2025-08-04,2512.0,2112.4,2059.3,-399.6,399.6,-0.159,0,0.0,0,0,0,1,seasonal_turn,under-forecast,1,,
11,SKU-00064,Textiles,B,2025-08-04,833.0,439.7,396.3,-393.3,393.3,-0.472,1,1.0,1,1,0,1,outlier_week,under-forecast,1,,
12,SKU-00064,Textiles,B,2025-09-01,450.0,820.4,796.7,370.4,370.4,0.823,1,1.0,0,1,0,0,promo_week,over-forecast,0,,
13,SKU-00071,Electronics,A,2025-07-14,377.0,746.4,580.2,369.4,369.4,0.98,1,0.0,0,1,0,0,promo_week,over-forecast,0,,
14,SKU-00088,Raw Materials,A,2025-08-04,4672.0,4308.7,4229.6,-363.3,363.3,-0.078,0,0.0,0,0,0,0,no_clear_cause,under-forecast,1,,
15,SKU-00053,Textiles,A,2025-08-18,1966.0,2317.5,2329.8,351.5,351.5,0.179,0,0.0,0,0,0,1,seasonal_turn,over-forecast,1,,
16,SKU-00038,Electronics,A,2025-09-01,768.0,1105.8,1063.2,337.8,337.8,0.44,0,0.0,0,0,0,0,no_clear_cause,over-forecast,0,,
17,SKU-00053,Textiles,A,2025-07-07,2124.0,1794.2,1759.3,-329.8,329.8,-0.155,0,0.0,0,0,0,1,seasonal_turn,under-forecast,1,,
18,SKU-00037,Raw Materials,A,2025-06-02,1294.0,965.6,841.7,-328.4,328.4,-0.254,1,1.0,0,1,0,1,promo_week,under-forecast,1,,
19,SKU-00037,Raw Materials,A,2025-07-14,1250.0,935.6,814.6,-314.4,314.4,-0.252,1,1.0,0,1,0,0,promo_week,under-forecast,1,,
20,SKU-00038,Electronics,A,2025-07-14,1080.0,1390.0,1027.7,310.0,310.0,0.287,1,0.0,0,1,0,0,promo_week,over-forecast,0,,
21,SKU-00024,Raw Materials,A,2025-08-18,1234.0,934.2,944.4,-299.8,299.8,-0.243,0,0.0,0,0,0,0,no_clear_cause,under-forecast,0,,
22,SKU-00088,Raw Materials,A,2025-07-07,5358.0,5656.0,4207.3,298.0,298.0,0.056,1,0.0,0,1,0,0,promo_week,over-forecast,1,,
23,SKU-00012,Electronics,A,2025-09-01,719.0,1015.1,1046.4,296.1,296.1,0.412,0,0.0,0,0,0,0,no_clear_cause,over-forecast,1,,
24,SKU-00088,Raw Materials,A,2025-09-01,4981.0,5274.6,5519.7,293.6,293.6,0.059,0,0.0,0,0,0,1,seasonal_turn,over-forecast,1,,
25,SKU-00069,Raw Materials,A,2025-08-18,564.0,854.6,733.9,290.6,290.6,0.515,1,1.0,0,1,0,0,promo_week,over-forecast,0,,
26,SKU-00076,Machinery Parts,A,2025-07-07,1562.0,1850.5,1418.4,288.5,288.5,0.185,1,0.0,0,1,0,1,promo_week,over-forecast,0,,
27,SKU-00076,Machinery Parts,A,2025-08-11,960.0,1242.6,1227.2,282.6,282.6,0.294,0,0.0,0,0,0,1,seasonal_turn,over-forecast,0,,
28,SKU-00049,Electronics,A,2025-09-01,1712.0,1435.1,1621.0,-276.9,276.9,-0.162,0,0.0,0,0,0,0,no_clear_cause,under-forecast,0,,
29,SKU-00053,Textiles,A,2025-05-26,1772.0,1495.6,1505.0,-276.4,276.4,-0.156,0,0.0,0,0,0,0,no_clear_cause,under-forecast,0,,
30,SKU-00088,Raw Materials,A,2025-06-02,4615.0,4345.7,4399.7,-269.3,269.3,-0.058,0,0.0,0,0,0,1,seasonal_turn,under-forecast,0,,
31,SKU-00041,Textiles,A,2025-06-09,1785.0,1518.5,1536.0,-266.5,266.5,-0.149,0,0.0,0,0,0,0,no_clear_cause,under-forecast,0,,
32,SKU-00049,Electronics,A,2025-07-14,1718.0,1471.9,1579.7,-246.1,246.1,-0.143,0,0.0,0,0,0,0,no_clear_cause,under-forecast,0,,
33,SKU-00087,Machinery Parts,A,2025-08-25,1271.0,1510.7,1526.6,239.7,239.7,0.189,0,0.0,0,0,0,1,seasonal_turn,over-forecast,1,,
34,SKU-00049,Electronics,A,2025-08-04,1704.0,1465.3,1576.8,-238.7,238.7,-0.14,0,0.0,0,0,0,0,no_clear_cause,under-forecast,0,,
35,SKU-00053,Textiles,A,2025-07-21,2202.0,1963.6,1917.9,-238.4,238.4,-0.108,0,0.0,0,0,0,1,seasonal_turn,under-forecast,1,,
36,SKU-00012,Electronics,A,2025-08-25,1174.0,936.4,961.3,-237.6,237.6,-0.202,0,0.0,0,0,0,0,no_clear_cause,under-forecast,0,,
37,SKU-00076,Machinery Parts,A,2025-07-21,1122.0,1358.6,1531.5,236.6,236.6,0.211,0,1.0,0,0,1,1,post_promo_week,over-forecast,1,,
38,SKU-00037,Raw Materials,A,2025-05-26,844.0,1080.0,840.2,236.0,236.0,0.28,1,0.0,0,1,0,1,promo_week,over-forecast,0,,
39,SKU-00053,Textiles,A,2025-06-23,1924.0,1689.2,1637.6,-234.8,234.8,-0.122,0,0.0,0,0,0,0,no_clear_cause,under-forecast,1,,
40,SKU-00069,Raw Materials,A,2025-08-04,787.0,556.5,556.3,-230.5,230.5,-0.293,0,0.0,0,0,0,0,no_clear_cause,under-forecast,1,,
41,SKU-00053,Textiles,A,2025-08-25,2325.0,2097.4,2184.3,-227.6,227.6,-0.098,0,0.0,0,0,0,1,seasonal_turn,under-forecast,0,,
42,SKU-00038,Electronics,A,2025-06-23,832.0,1055.7,1013.4,223.7,223.7,0.269,0,0.0,0,0,0,1,seasonal_turn,over-forecast,0,,
43,SKU-00049,Electronics,A,2025-06-23,1609.0,1385.4,1490.4,-223.6,223.6,-0.139,0,0.0,0,0,0,1,seasonal_turn,under-forecast,0,,
44,SKU-00037,Raw Materials,A,2025-06-16,734.0,957.5,995.2,223.5,223.5,0.304,0,0.0,0,0,0,1,seasonal_turn,over-forecast,1,,
45,SKU-00076,Machinery Parts,A,2025-08-25,1647.0,1423.7,1157.4,-223.3,223.3,-0.136,1,1.0,0,1,0,1,promo_week,under-forecast,1,,
46,SKU-00038,Electronics,A,2025-06-16,1158.0,935.9,916.9,-222.1,222.1,-0.192,0,0.0,0,0,0,1,seasonal_turn,under-forecast,1,,
47,SKU-00076,Machinery Parts,A,2025-08-18,1213.0,1435.0,1120.3,222.0,222.0,0.183,1,0.0,0,1,0,1,promo_week,over-forecast,0,,
48,SKU-00076,Machinery Parts,A,2025-08-04,1096.0,1316.3,1314.6,220.3,220.3,0.201,0,0.0,0,0,0,1,seasonal_turn,over-forecast,0,,
49,SKU-00020,Raw Materials,A,2025-08-25,1012.0,1228.7,922.3,216.7,216.7,0.214,1,0.0,0,1,0,0,promo_week,over-forecast,0,,
50,SKU-00012,Electronics,A,2025-07-21,984.0,769.5,993.5,-214.5,214.5,-0.218,0,1.0,0,0,1,0,post_promo_week,under-forecast,0,,
51,SKU-00069,Raw Materials,A,2025-05-26,613.0,824.9,707.4,211.9,211.9,0.346,1,1.0,0,1,0,1,promo_week,over-forecast,0,,
52,SKU-00049,Electronics,A,2025-06-09,1653.0,1441.2,1413.7,-211.8,211.8,-0.128,0,0.0,0,0,0,1,seasonal_turn,under-forecast,1,,
53,SKU-00069,Raw Materials,A,2025-06-23,504.0,715.3,701.1,211.3,211.3,0.419,0,0.0,0,0,0,1,seasonal_turn,over-forecast,0,,
54,SKU-00041,Textiles,A,2025-07-21,1873.0,1661.9,1641.6,-211.1,211.1,-0.113,0,0.0,0,0,0,1,seasonal_turn,under-forecast,1,,
55,SKU-00049,Electronics,A,2025-08-25,1388.0,1594.6,1776.3,206.6,206.6,0.149,0,0.0,0,0,0,0,no_clear_cause,over-forecast,1,,
56,SKU-00064,Textiles,B,2025-05-19,431.0,229.3,232.4,-201.7,201.7,-0.468,0,0.0,1,0,0,0,outlier_week,under-forecast,0,,
57,SKU-00038,Electronics,A,2025-08-04,1183.0,1384.7,1026.1,201.7,201.7,0.17,1,0.0,0,1,0,0,promo_week,over-forecast,0,,
58,SKU-00087,Machinery Parts,A,2025-08-18,1283.0,1483.3,1689.0,200.3,200.3,0.156,0,1.0,0,0,1,1,post_promo_week,over-forecast,1,,
59,SKU-00029,Chemicals,A,2025-05-26,447.0,641.2,673.6,194.2,194.2,0.434,0,0.0,0,0,0,0,no_clear_cause,over-forecast,1,,
60,SKU-00053,Textiles,A,2025-06-16,1745.0,1556.6,1566.1,-188.4,188.4,-0.108,0,0.0,0,0,0,0,no_clear_cause,under-forecast,0,,
61,SKU-00087,Machinery Parts,A,2025-09-01,1230.0,1418.2,1424.4,188.2,188.2,0.153,0,0.0,0,0,0,0,no_clear_cause,over-forecast,1,,
62,SKU-00031,Machinery Parts,A,2025-09-01,603.0,788.0,772.1,185.0,185.0,0.307,0,0.0,0,0,0,0,no_clear_cause,over-forecast,0,,
63,SKU-00002,Electronics,B,2025-07-07,827.0,643.2,524.4,-183.8,183.8,-0.222,1,0.0,1,1,0,0,outlier_week,under-forecast,1,,
64,SKU-00088,Raw Materials,A,2025-08-11,6045.0,5862.2,4406.5,-182.8,182.8,-0.03,1,0.0,0,1,0,0,promo_week,under-forecast,1,,
65,SKU-00024,Raw Materials,A,2025-07-07,891.0,1073.4,1044.4,182.4,182.4,0.205,0,0.0,0,0,0,0,no_clear_cause,over-forecast,0,,
66,SKU-00031,Machinery Parts,A,2025-06-23,567.0,748.6,845.9,181.6,181.6,0.32,0,1.0,0,0,1,0,post_promo_week,over-forecast,1,,
67,SKU-00049,Electronics,A,2025-06-30,1667.0,1486.4,1537.9,-180.6,180.6,-0.108,0,0.0,0,0,0,0,no_clear_cause,under-forecast,0,,
68,SKU-00041,Textiles,A,2025-07-14,1560.0,1740.4,1696.0,180.4,180.4,0.116,0,0.0,0,0,0,1,seasonal_turn,over-forecast,0,,
69,SKU-00037,Raw Materials,A,2025-07-07,796.0,975.3,827.0,179.3,179.3,0.225,1,1.0,0,1,0,0,promo_week,over-forecast,0,,
70,SKU-00076,Machinery Parts,A,2025-06-30,1316.0,1494.7,1486.7,178.7,178.7,0.136,0,0.0,0,0,0,1,seasonal_turn,over-forecast,0,,
71,SKU-00088,Raw Materials,A,2025-06-09,4118.0,4296.2,4485.8,178.2,178.2,0.043,0,0.0,0,0,0,1,seasonal_turn,over-forecast,1,,
72,SKU-00041,Textiles,A,2025-08-11,1699.0,1877.1,1806.9,178.1,178.1,0.105,0,0.0,0,0,0,1,seasonal_turn,over-forecast,0,,
73,SKU-00038,Electronics,A,2025-08-25,1168.0,991.6,993.3,-176.4,176.4,-0.151,0,0.0,0,0,0,0,no_clear_cause,under-forecast,0,,
74,SKU-00005,Raw Materials,A,2025-05-19,600.0,428.1,347.8,-171.9,171.9,-0.287,1,0.0,1,1,0,1,outlier_week,under-forecast,1,,
75,SKU-00071,Electronics,A,2025-07-07,669.0,497.3,521.0,-171.7,171.7,-0.257,0,0.0,0,0,0,0,no_clear_cause,under-forecast,0,,
76,SKU-00082,Electronics,B,2025-07-14,262.0,433.6,413.3,171.6,171.6,0.655,0,0.0,0,0,0,0,no_clear_cause,over-forecast,0,,
77,SKU-00012,Electronics,A,2025-06-16,918.0,746.6,767.3,-171.4,171.4,-0.187,0,0.0,0,0,0,1,seasonal_turn,under-forecast,0,,
78,SKU-00024,Raw Materials,A,2025-09-01,1027.0,1195.5,1127.7,168.5,168.5,0.164,0,0.0,0,0,0,1,seasonal_turn,over-forecast,0,,
79,SKU-00037,Raw Materials,A,2025-08-04,769.0,937.3,956.2,168.3,168.3,0.219,0,0.0,0,0,0,0,no_clear_cause,over-forecast,1,,
80,SKU-00053,Textiles,A,2025-08-11,2464.0,2297.4,2240.4,-166.6,166.6,-0.068,0,0.0,0,0,0,1,seasonal_turn,under-forecast,1,,
81,SKU-00076,Machinery Parts,A,2025-09-01,1009.0,1175.4,1353.2,166.4,166.4,0.165,0,1.0,0,0,1,0,post_promo_week,over-forecast,1,,
82,SKU-00038,Electronics,A,2025-08-11,1029.0,1195.0,1088.8,166.0,166.0,0.161,1,1.0,0,1,0,0,promo_week,over-forecast,0,,
83,SKU-00024,Raw Materials,A,2025-06-16,1077.0,912.1,934.9,-164.9,164.9,-0.153,0,0.0,0,0,0,1,seasonal_turn,under-forecast,0,,
84,SKU-00088,Raw Materials,A,2025-06-16,4149.0,4313.9,4338.7,164.9,164.9,0.04,0,0.0,0,0,0,1,seasonal_turn,over-forecast,1,,
85,SKU-00088,Raw Materials,A,2025-07-21,4650.0,4486.1,4427.7,-163.9,163.9,-0.035,0,0.0,0,0,0,0,no_clear_cause,under-forecast,1,,
86,SKU-00030,Electronics,B,2025-09-01,430.0,591.7,461.3,161.7,161.7,0.376,1,0.0,0,1,0,0,promo_week,over-forecast,0,,
87,SKU-00087,Machinery Parts,A,2025-07-14,1322.0,1481.9,1473.8,159.9,159.9,0.121,0,0.0,0,0,0,1,seasonal_turn,over-forecast,0,,
88,SKU-00024,Raw Materials,A,2025-07-21,809.0,966.5,979.4,157.5,157.5,0.195,0,0.0,0,0,0,0,no_clear_cause,over-forecast,1,,
89,SKU-00024,Raw Materials,A,2025-07-28,1060.0,903.6,911.3,-156.4,156.4,-0.148,0,0.0,0,0,0,0,no_clear_cause,under-forecast,0,,
90,SKU-00037,Raw Materials,A,2025-07-21,1026.0,872.7,988.8,-153.3,153.3,-0.149,0,1.0,0,0,1,0,post_promo_week,under-forecast,0,,
91,SKU-00088,Raw Materials,A,2025-06-30,4089.0,4241.6,4286.1,152.6,152.6,0.037,0,0.0,0,0,0,0,no_clear_cause,over-forecast,1,,
92,SKU-00088,Raw Materials,A,2025-07-14,4068.0,4219.9,4667.6,151.9,151.9,0.037,0,1.0,0,0,1,0,post_promo_week,over-forecast,1,,
93,SKU-00071,Electronics,A,2025-06-16,539.0,389.8,392.3,-149.2,149.2,-0.277,0,0.0,0,0,0,1,seasonal_turn,under-forecast,0,,
94,SKU-00029,Chemicals,A,2025-07-07,423.0,570.3,549.5,147.3,147.3,0.348,0,0.0,0,0,0,0,no_clear_cause,over-forecast,0,,
95,SKU-00005,Raw Materials,A,2025-06-09,308.0,454.0,366.6,146.0,146.0,0.474,1,0.0,0,1,0,1,promo_week,over-forecast,0,,
96,SKU-00012,Electronics,A,2025-08-18,1019.0,875.0,922.8,-144.0,144.0,-0.141,0,0.0,0,0,0,0,no_clear_cause,under-forecast,0,,
97,SKU-00053,Textiles,A,2025-06-02,1506.0,1647.0,1611.8,141.0,141.0,0.094,0,0.0,0,0,0,0,no_clear_cause,over-forecast,0,,
98,SKU-00049,Electronics,A,2025-05-19,1337.0,1201.9,1223.8,-135.1,135.1,-0.101,0,0.0,0,0,0,0,no_clear_cause,under-forecast,0,,
99,SKU-00041,Textiles,A,2025-05-26,1607.0,1473.0,1496.4,-134.0,134.0,-0.083,0,0.0,0,0,0,0,no_clear_cause,under-forecast,0,,
100,SKU-00005,Raw Materials,A,2025-06-02,277.0,406.8,426.4,129.8,129.8,0.468,0,0.0,0,0,0,1,seasonal_turn,over-forecast,1,,
