split,segment_type,segment,n_rows,actual_units,WAPE_baseline,WAPE_mlp,Bias_baseline,Bias_mlp,mlp_better
dev,category,Chemicals,336,48001.0,0.12091395089309145,0.10204079074981784,-0.028958105574841898,-0.010391983540923034,True
dev,category,Electronics,256,107116.0,0.12177628691993897,0.12087588361710988,-0.028278601883884813,-0.034441104177162785,True
dev,category,Machinery Parts,160,71768.0,0.12541555633413645,0.09083604989768013,0.05142842628696183,0.0648970909559007,True
dev,category,Packaging,160,24724.0,0.12868632538081426,0.10868591518214667,-0.03925029618136635,-0.01734160876214261,True
dev,category,Raw Materials,320,158779.0,0.14659422099806105,0.10768316233140318,-0.017255828090071954,0.010799477826932738,True
dev,category,Textiles,208,105095.0,0.1086848584584356,0.10015068670257243,-0.05435706664906782,-0.036235465591736106,True
dev,abc_class,A,400,360396.0,0.12550191495144108,0.10310787622141249,-0.01432517787830565,0.0015794725372316237,True
dev,abc_class,B,416,97115.0,0.13533182210075753,0.11909917993576118,-0.03016967517810164,-0.01626638006882059,True
dev,abc_class,C,624,57972.0,0.12688581787112424,0.10262284508044478,-0.03550803847312065,-0.01797765264138756,True
dev,promo_flag,0,1267,432377.0,0.10667479580466249,0.09512422824758435,0.015490257553674799,-0.0015197013745675168,True
dev,promo_flag,1,173,83106.0,0.23590636647350235,0.1629931191027289,-0.20273828493971774,-0.016792896704817012,True
test,category,Chemicals,336,68505.0,0.12451080526291608,0.11692058710403731,-0.03650024261584108,-0.04398163263762732,True
test,category,Electronics,256,88125.0,0.1438962199239101,0.12851378530526128,0.0638157668014547,0.05069507839994708,True
test,category,Machinery Parts,160,65371.0,0.11618152224487967,0.08796532112551843,-0.02581797408238959,-0.004390701710874925,True
test,category,Packaging,160,21673.0,0.11948339207089868,0.11231775387984437,0.06267850848133791,0.06572598169131665,True
test,category,Raw Materials,320,207587.0,0.0997922928240583,0.09432851844100243,-0.040378477334579256,-0.015527002079372751,True
test,category,Textiles,208,127423.0,0.10691425195760364,0.08882108376126331,0.002197646751429604,-0.02489387884540645,True
test,abc_class,A,400,405784.0,0.10831343314011069,0.09742437526510916,-0.013997841097030261,-0.0066980739694327985,True
test,abc_class,B,416,105744.0,0.12703056046454617,0.11169031987320674,0.004707309112719719,-0.00739987908202337,True
test,abc_class,C,624,67156.0,0.124326532564851,0.10535104939538918,-0.0018715545295706199,-0.004508841558434128,True
test,promo_flag,0,1283,502444.0,0.09937478901377186,0.09201661344310738,0.014484751286899482,-0.00699868290223515,True
test,promo_flag,1,157,76240.0,0.2072873015317311,0.1598320255199048,-0.1650812270262941,-0.003761983116859429,True
