model,split,WAPE,MAPE,RMSE,MAE,Bias
naive,train,0.13439059479965307,0.1424187170489547,122.96185609999368,45.327777777777776,-0.0009862283200918283
naive,dev,0.14997778782229482,0.1468737093880873,181.27059078442187,53.68819444444444,-0.007862528929179042
naive,test,0.12770527610924096,0.14832833799441003,127.34278160845152,51.32013888888889,-0.003032743258842477
ma,train,0.12402914932660063,0.1307231330008658,112.05089132217445,41.83302951388889,-0.0023516861364402614
ma,dev,0.12772778151752823,0.12754572472735493,150.63568916659307,45.72326388888889,-0.022348942642143387
ma,test,0.11786441304753545,0.1331301514881213,113.60549677532968,47.365451388888886,-0.007551185102750379
ses,train,0.12095438430565181,0.127481436409369,109.30211199270869,40.79596091696642,-0.002554409012675752
ses,dev,0.12750946719441655,0.12614799366849105,151.1315916273715,45.64511297068016,-0.019692476411278227
ses,test,0.11359196100119372,0.12961288778939456,111.86229294987092,45.64850719445471,-0.009172564599832966
snaive,train,0.19088086547620367,0.19527681704543068,154.67716918364735,66.91,-0.11026706965111838
snaive,dev,0.19395983960673777,0.1872589896232258,194.47548581590775,69.43263888888889,-0.11611828130122623
snaive,test,0.18673576597936006,0.1915420804700887,171.6654550928119,75.0423611111111,-0.09587788845034596
linear,train,0.10264500836860296,0.11254547005041576,87.7815127535969,34.620504033532164,0.0007627746451963872
linear,dev,0.1098403406494638,0.11323725278696613,113.55527805941918,39.32001966597746,-0.008716666190039458
linear,test,0.10223017385005113,0.11564434514266972,100.16111008441074,41.082615225168745,-0.019304645272019676
mlp,train,0.09948649036105212,0.11123363994311397,85.60572767351805,33.55518690649059,0.008851842680855175
mlp,dev,0.10606602854634811,0.11212732556963201,103.81855642207384,37.96891291191469,-0.003982040910722375
mlp,test,0.10095110448957666,0.11648934215842435,98.99690204211527,40.56860343780985,-0.006572256749728694
