units_demanded,revenue,lost_revenue,fill_rate,stockout_rate,avg_inventory_value,inventory_turnover,month
129110.0,2742046.7199999997,16455.93,0.9938347145844628,0.0064516129032258064,1227642.967096774,14.735193824733535,2024-01-01
116577.0,2269800.92,265241.36000000004,0.8819492695814783,0.11245210727969349,623715.2313793104,25.74287664626321,2024-02-01
125538.0,2558496.85,213547.34999999998,0.9102901113607035,0.07831541218637993,735445.9800000001,22.795868170292547,2024-03-01
118634.0,2365898.44,235652.59000000003,0.9063000488898629,0.08314814814814815,727888.7133333334,21.859667618420826,2024-04-01
118315.0,2328264.15,282307.88,0.8923382495879644,0.10053763440860215,668095.3048387095,22.722541196067386,2024-05-01
116136.0,2327394.1100000003,263980.62,0.8882947578700834,0.11851851851851852,751839.3136666666,20.69163395096222,2024-06-01
125760.0,2487224.2,394757.73,0.8739026717557252,0.11612903225806452,759094.1158064515,21.203546083385717,2024-07-01
132481.0,2493730.7600000002,524330.0,0.8498124259327753,0.1388888888888889,693221.1887096773,23.314244280319627,2024-08-01
133945.0,2545713.32,406982.39,0.8704393594385755,0.1425925925925926,780550.7459999998,22.03887299852764,2024-09-01
142016.0,2670293.0599999996,496740.52999999997,0.8457849819738621,0.14121863799283155,671396.3861290322,25.983707964811288,2024-10-01
139794.0,2617178.94,428944.29000000004,0.864657996766671,0.1524074074074074,702613.635,25.23905187948708,2024-11-01
151620.0,2865232.9699999997,365742.1,0.8825089038385437,0.14910394265232976,658978.737096774,28.696262520996665,2024-12-01
143963.0,2619920.1900000004,538472.2,0.816411161201142,0.13709677419354838,575234.6003225807,29.85513205430971,2025-01-01
128246.0,2424308.33,373325.39,0.8857196325811332,0.1125,617271.8075,28.48744057651505,2025-02-01
139611.0,2743095.51,311204.64,0.8885832778219481,0.1017921146953405,725337.3122580645,24.806942984891155,2025-03-01
132843.0,2565650.1,440603.26,0.8582687834511415,0.12037037037037036,586596.0396666665,29.76376920010335,2025-04-01
131893.0,2540519.2800000003,418430.2300000001,0.8585065166460691,0.13028673835125448,766401.2677419354,21.62651979627298,2025-05-01
131865.0,2578224.59,398458.8799999999,0.8709741023015963,0.1437037037037037,732612.5566666668,23.713887179393,2025-06-01
140978.0,2603718.75,582994.23,0.842535714792379,0.14265232974910394,712879.7567741934,23.775485622932592,2025-07-01
153495.0,2700909.79,685082.51,0.8070034854555523,0.17222222222222222,651117.3741935485,26.965932013268734,2025-08-01
151210.0,2558272.7199999997,851830.9500000001,0.7653925004959989,0.17722222222222223,525119.1273333334,32.84826406456639,2025-09-01
156650.0,2764473.6500000004,686434.37,0.8167443345036706,0.1589605734767025,623518.0712903227,28.942812484001248,2025-10-01
158503.0,2632942.0199999996,905996.0,0.7507491971760787,0.19944444444444445,539234.7193333334,33.11661419986286,2025-11-01
146155.0,2510449.28,670877.7500000001,0.7937668913140159,0.19027777777777777,601146.5271428572,30.200497863999495,2025-12-01
