sku,warehouse_code,reorder_point_units,safety_stock_units,order_up_to_units,review_period_days,policy_set_date,mean_daily,sigma_daily,recent_stockout_rate,recent_lost_revenue,supplier_code,category,unit_cost,lead_mean,lead_std,rec_safety_stock,rec_reorder_point,rop_gap_units,rop_gap_pct,under_protected,ss_gap_units,extra_inventory_value_needed,gap_band
SKU-00001,WH-EU,728,72,1211,7,2024-03-31,39.0989010989011,12.300004467076823,0.06593406593406594,3624.6400000000003,SUP-016,Textiles,10.61,15.787878787878787,6.920274605794655,456.83992802804795,1074.1286393167593,346.1286393167593,0.3222413281307979,1,384.83992802804795,4083.1516363775886,Q3
SKU-00002,WH-WEST,84,23,322,7,2024-03-31,29.967032967032967,5.25663717905606,0.21978021978021978,5753.52,SUP-001,Electronics,4.49,2.3850806451612905,1.308926834597882,69.96280570049974,141.4365960230804,57.4365960230804,0.40609430400677615,1,46.96280570049974,210.86299759524385,Q3
SKU-00002,WH-SOUTH,111,31,424,7,2024-03-31,37.72527472527472,8.052695799911335,0.24175824175824176,7734.240000000001,SUP-001,Electronics,4.49,2.3850806451612905,1.308926834597882,91.07837689416627,181.05619947481142,70.05619947481142,0.3869306860412568,1,60.07837689416627,269.75191225480654,Q3
SKU-00003,WH-WEST,59,9,90,7,2024-03-31,2.2967032967032965,0.8497647451501633,0.04395604395604396,760.5600000000001,SUP-002,Packaging,54.44,19.737991266375545,7.674509216030133,29.973096886070056,75.30540649785564,16.305406497855643,0.21652371663806033,1,20.973096886070056,1141.775394477654,Q2
SKU-00003,WH-APAC,44,7,67,7,2024-03-31,1.967032967032967,0.7063293133525599,0.054945054945054944,1267.6000000000001,SUP-002,Packaging,54.44,19.737991266375545,7.674509216030133,25.627066278249977,64.45234580221945,20.452345802219455,0.31732508022252875,1,18.627066278249977,1014.0574881879287,Q3
SKU-00003,WH-EAST,38,5,58,7,2024-03-31,1.5714285714285714,0.6172133998483678,0.07692307692307693,1647.88,SUP-002,Packaging,54.44,19.737991266375545,7.674509216030133,20.583915521434385,51.60075894002453,13.600758940024527,0.2635767228895347,1,15.583915521434385,848.3883609868878,Q2
SKU-00004,WH-APAC,579,66,939,7,2024-03-31,32.78021978021978,8.755699347412008,0.23076923076923078,11246.07,SUP-012,Chemicals,7.95,17.504424778761063,4.078664483930027,231.90646409385013,805.7053554679628,226.70535546796282,0.2813750137434419,1,165.90646409385013,1318.9563895461085,Q2
SKU-00005,WH-SOUTH,626,106,903,7,2024-03-31,21.34065934065934,10.425630575354802,0.15384615384615385,6594.139999999999,SUP-003,Raw Materials,11.62,23.937901498929335,8.687286365032488,320.51268572145744,831.363286940367,205.36328694036695,0.2470199131551229,1,214.51268572145744,2492.6374080833352,Q2
SKU-00005,WH-EU,931,117,1365,7,2024-03-31,30.0,16.05753544117043,0.14285714285714285,11403.4,SUP-003,Raw Materials,11.62,23.937901498929335,8.687286365032488,454.5719035399814,1172.7089485078614,241.70894850786135,0.20611162626106713,1,337.5719035399814,3922.5855191345836,Q2
SKU-00006,WH-EAST,194,37,311,7,2024-03-31,9.461538461538462,6.204492444650608,0.01098901098901099,28.17,SUP-018,Chemicals,4.31,15.317708333333334,4.505205258106774,85.35663871933374,230.2857252577953,36.28572525779529,0.1575682783514911,1,48.356638719333745,208.41711288032843,Q1 smallest gap
SKU-00007,WH-WEST,35,7,52,7,2024-03-31,2.2527472527472527,1.2255919802592141,0.21978021978021978,1109.2,SUP-024,Chemicals,13.48,19.02202643171806,7.886642294222281,31.07697567356914,73.92879345930763,38.92879345930763,0.5265714701638553,1,24.07697567356914,324.55763207971205,Q4 largest gap
SKU-00007,WH-EU,68,12,102,7,2024-03-31,3.989010989010989,2.1160471822848557,0.21978021978021978,1793.6000000000001,SUP-024,Chemicals,13.48,19.02202643171806,7.886642294222281,54.87938588831398,130.75845835769482,62.75845835769482,0.47995716029334506,1,42.87938588831398,578.0141217744725,Q4 largest gap
SKU-00007,WH-SOUTH,53,9,80,7,2024-03-31,3.1758241758241756,1.5318355481317654,0.26373626373626374,1652.0000000000002,SUP-024,Chemicals,13.48,19.02202643171806,7.886642294222281,43.291448522446835,103.70205993746353,50.70205993746353,0.4889204705098326,1,34.291448522446835,462.24872608258335,Q4 largest gap
SKU-00008,WH-WEST,244,35,375,7,2024-03-31,9.032967032967033,3.748927400531605,0.08791208791208792,4437.5,SUP-002,Packaging,29.24,19.737991266375545,7.674509216030133,118.7718996451552,297.0645240513167,53.06452405131671,0.1786296233815857,1,83.7718996451552,2449.490345624338,Q2
SKU-00009,WH-WEST,22,6,84,7,2024-03-31,7.956043956043956,2.8671010830224697,0.26373626373626374,1144.57,SUP-001,Electronics,2.63,2.3850806451612905,1.308926834597882,22.478594326235516,41.45440077784842,19.45440077784842,0.46929639345418006,1,16.478594326235516,43.338703077999405,Q4 largest gap
SKU-00009,WH-EU,15,4,57,7,2024-03-31,5.329670329670329,1.8382053147020274,0.23076923076923078,679.77,SUP-001,Electronics,2.63,2.3850806451612905,1.308926834597882,14.79294929001428,27.504642838401374,12.504642838401374,0.4546375283573095,1,10.79294929001428,28.385456632737554,Q4 largest gap
SKU-00009,WH-SOUTH,23,6,88,7,2024-03-31,8.571428571428571,2.6505465144752365,0.27472527472527475,1225.9099999999999,SUP-001,Electronics,2.63,2.3850806451612905,1.308926834597882,22.85165075968378,43.295199146780554,20.295199146780554,0.4687632704488833,1,16.85165075968378,44.31984149796833,Q4 largest gap
SKU-00010,WH-EAST,329,39,483,7,2024-03-31,7.758241758241758,2.2178100276356667,0.0,0.0,SUP-003,Raw Materials,16.1,23.937901498929335,8.687286365032488,113.05418108504932,298.7702080987209,-30.2297919012791,-0.10118074386884801,0,74.05418108504932,1192.2723154692942,Q1 smallest gap
SKU-00010,WH-APAC,330,33,488,7,2024-03-31,8.648351648351648,2.9491001504173604,0.0,0.0,SUP-003,Raw Materials,16.1,23.937901498929335,8.687286365032488,126.88592313481549,333.90931302116036,3.909313021160358,0.01170770885600492,1,93.88592313481549,1511.5633624705295,Q1 smallest gap
SKU-00011,WH-EU,14,5,49,7,2024-03-31,4.747252747252747,1.7675683648158917,0.2087912087912088,273.22999999999996,SUP-001,Electronics,1.5,2.3850806451612905,1.308926834597882,13.599561785472996,24.92214243063429,10.922142430634288,0.43825054210463044,1,8.599561785472996,12.899342678209495,Q4 largest gap
SKU-00011,WH-SOUTH,14,5,47,7,2024-03-31,4.472527472527473,1.5006714004120458,0.25274725274725274,288.58,SUP-001,Electronics,1.5,2.3850806451612905,1.308926834597882,12.281934154276502,22.949272863953922,8.949272863953922,0.3899588852773811,1,7.281934154276502,10.922901231414754,Q3
SKU-00012,WH-EU,1567,268,2495,7,2024-03-31,112.13186813186813,52.46654146346959,0.43956043956043955,39069.44,SUP-013,Electronics,5.84,15.831099195710456,5.971815505198103,1179.7828616797885,2954.953589075717,1387.953589075717,0.4697040231721055,1,911.7828616797885,5324.811912209965,Q4 largest gap
SKU-00013,WH-EAST,245,33,394,7,2024-03-31,18.46153846153846,6.043008250693415,0.2967032967032967,7422.8,SUP-012,Chemicals,11.23,17.504424778761063,4.078664483930027,133.68771621370553,456.8463275139097,211.84632751390973,0.46371463390489787,1,100.68771621370553,1130.7230530799131,Q4 largest gap
SKU-00013,WH-EU,226,27,366,7,2024-03-31,18.296703296703296,5.702815105024897,0.38461538461538464,9748.2,SUP-012,Chemicals,11.23,17.504424778761063,4.078664483930027,131.6488277772654,451.9220943337178,225.92209433371778,0.49991380630947346,1,104.64882777726541,1175.2063359386907,Q4 largest gap
SKU-00014,WH-EU,228,23,379,7,2024-03-31,22.714285714285715,6.703706626910408,0.5934065934065934,5995.6,SUP-016,Textiles,2.42,15.787878787878787,6.920274605794655,264.6822776889844,623.292667299374,395.292667299374,0.6342007343229513,1,241.6822776889844,584.8711120073423,Q4 largest gap
SKU-00014,WH-SOUTH,197,20,327,7,2024-03-31,20.791208791208792,6.556619188976525,0.5604395604395604,5142.8,SUP-016,Textiles,2.42,15.787878787878787,6.920274605794655,242.95565004020725,571.2047342892915,374.20473428929154,0.6551149033365196,1,222.95565004020725,539.5526730973015,Q4 largest gap
SKU-00014,WH-EAST,224,22,372,7,2024-03-31,23.043956043956044,6.120842512654044,0.4175824175824176,4264.0,SUP-016,Textiles,2.42,15.787878787878787,6.920274605794655,267.50659249911917,631.321777314304,407.321777314304,0.645188859232902,1,245.50659249911917,594.1259538478683,Q4 largest gap
SKU-00015,WH-EU,132,15,198,7,2024-03-31,4.8791208791208796,1.5043283095799473,0.04395604395604396,114.58000000000001,SUP-009,Raw Materials,3.53,22.831360946745562,9.478914889022839,77.50535550333925,188.90232539735058,56.90232539735058,0.30122617748435965,1,62.505355503339246,220.6439049267875,Q3
SKU-00015,WH-SOUTH,95,11,143,7,2024-03-31,3.6153846153846154,1.1132458126201235,0.15384615384615385,262.86,SUP-009,Raw Materials,3.53,22.831360946745562,9.478914889022839,57.42848920617188,139.97264032132892,44.972640321328925,0.32129593482045665,1,46.42848920617188,163.89256689778674,Q3
SKU-00015,WH-WEST,136,16,204,7,2024-03-31,4.9010989010989015,1.7130540956298883,0.0,0.0,SUP-009,Raw Materials,3.53,22.831360946745562,9.478914889022839,78.19335601629606,190.09211406298311,54.092114062983114,0.2845573806657798,1,62.193356016296065,219.5425467375251,Q2
SKU-00016,WH-EU,62,10,87,7,2024-03-31,1.3956043956043955,0.6972823575874311,0.12087912087912088,1493.76,SUP-021,Raw Materials,61.33,27.48184818481848,11.467958765579912,27.25831295883476,65.61210108490012,3.612101084900118,0.05505236115249786,1,17.25831295883476,1058.4523337653359,Q1 smallest gap
SKU-00016,WH-WEST,78,12,109,7,2024-03-31,1.7252747252747254,0.9075722691264996,0.0,0.0,SUP-021,Raw Materials,61.33,27.48184818481848,11.467958765579912,33.80944227631904,81.22318035342346,3.2231803534234587,0.039683010926173434,1,21.80944227631904,1337.5730948066466,Q1 smallest gap
SKU-00016,WH-SOUTH,92,12,130,7,2024-03-31,1.956043956043956,1.0100834719312162,0.10989010989010989,2240.64,SUP-021,Raw Materials,61.33,27.48184818481848,11.467958765579912,38.284544663986516,92.04024770681826,0.040247706818263396,0.00043728377336040003,1,26.284544663986516,1612.031124242293,Q1 smallest gap
SKU-00017,WH-SOUTH,1638,178,2460,7,2024-03-31,57.83516483516483,17.55958980555053,0.1978021978021978,50853.6,SUP-009,Raw Materials,42.77,22.831360946745562,9.478914889022839,918.2919774780448,2238.747501244219,600.7475012442192,0.2683408919095808,1,740.2919774780448,31662.28787673598,Q2
SKU-00018,WH-WEST,53,8,83,7,2024-03-31,3.956043956043956,1.584032041707966,0.2967032967032967,1081.5,SUP-008,Packaging,7.1,17.345345345345347,6.2304398933825915,42.66470534457156,111.28365396352018,58.28365396352018,0.5237395779853357,1,34.66470534457156,246.11940794645804,Q4 largest gap
SKU-00018,WH-SOUTH,78,9,124,7,2024-03-31,4.65934065934066,2.207158959284689,0.32967032967032966,1514.1000000000001,SUP-008,Packaging,7.1,17.345345345345347,6.2304398933825915,51.158661752115336,131.97653456998816,53.97653456998816,0.4089858454448506,1,42.158661752115336,299.3264984400189,Q3
SKU-00018,WH-APAC,55,7,87,7,2024-03-31,3.967032967032967,1.6495827718315081,0.25274725274725274,927.0000000000001,SUP-008,Packaging,7.1,17.345345345345347,6.2304398933825915,42.93632146924374,111.74587827880056,56.74587827880056,0.5078118240497635,1,35.93632146924374,255.1478824316305,Q4 largest gap
SKU-00019,WH-WEST,360,32,560,7,2024-03-31,22.46153846153846,8.953345361505566,0.1978021978021978,5290.2300000000005,SUP-024,Chemicals,9.03,19.02202643171806,7.886642294222281,301.84961042987334,729.1135887423097,369.11358874230973,0.5062497729318352,1,269.84961042987334,2436.741982181756,Q4 largest gap
SKU-00020,WH-WEST,1806,171,2584,7,2024-03-31,75.31868131868131,17.499129578911514,0.4065934065934066,40632.83,SUP-021,Raw Materials,11.42,27.48184818481848,11.467958765579912,1435.2398870888285,3505.1364525695526,1699.1364525695526,0.48475615017040097,1,1264.2398870888285,14437.619510554421,Q4 largest gap
SKU-00020,WH-SOUTH,1804,148,2593,7,2024-03-31,77.75824175824175,14.69795198079625,0.21978021978021978,23149.629999999997,SUP-021,Raw Materials,11.42,27.48184818481848,11.467958765579912,1478.2273344143657,3615.1675295327786,1811.1675295327786,0.5009913136077687,1,1330.2273344143657,15191.196159012057,Q4 largest gap
SKU-00021,WH-APAC,167,32,305,7,2024-03-31,10.417582417582418,5.7524215848939715,0.2087912087912088,1240.62,SUP-020,Packaging,3.32,12.046052631578947,5.892955683842304,109.43637762523068,234.92712372123992,67.92712372123992,0.2891412564257202,1,77.43637762523068,257.08877371576585,Q2
SKU-00021,WH-EAST,128,27,232,7,2024-03-31,8.032967032967033,4.04818354176166,0.06593406593406594,213.89999999999998,SUP-020,Packaging,3.32,12.046052631578947,5.892955683842304,83.36993422388831,180.13547789074778,52.13547789074778,0.2894237076516818,1,56.36993422388831,187.14818162330917,Q2
SKU-00022,WH-SOUTH,107,14,202,7,2024-03-31,7.956043956043956,3.0872932694157402,0.17582417582417584,355.6,SUP-020,Packaging,1.5,12.046052631578947,5.892955683842304,80.4906163936433,176.32954062730437,69.32954062730437,0.3931816551024848,1,66.4906163936433,99.73592459046495,Q3
SKU-00022,WH-EAST,175,23,331,7,2024-03-31,13.472527472527473,4.688853589668585,0.2087912087912088,680.72,SUP-020,Packaging,1.5,12.046052631578947,5.892955683842304,135.27971263579752,297.5704876502567,122.57048765025672,0.4119040453847607,1,112.27971263579752,168.41956895369628,Q3
SKU-00023,WH-EU,183,34,324,7,2024-03-31,9.021978021978022,4.422111164937757,0.054945054945054944,140.22,SUP-015,Raw Materials,2.27,12.920289855072463,2.6066739969541657,50.658187465765444,167.2247585758148,-15.775241424185197,-0.09433556106485969,0,16.658187465765444,37.814085547287554,Q1 smallest gap
SKU-00023,WH-WEST,193,37,341,7,2024-03-31,10.021978021978022,5.12071614344457,0.10989010989010989,309.96,SUP-015,Raw Materials,2.27,12.920289855072463,2.6066739969541657,57.272102666650184,186.75896363177202,-6.241036368227981,-0.03341760013475592,0,20.272102666650184,46.017673053295916,Q1 smallest gap
SKU-00023,WH-SOUTH,166,31,294,7,2024-03-31,7.9010989010989015,4.139390575260365,0.04395604395604396,136.53,SUP-015,Raw Materials,2.27,12.920289855072463,2.6066739969541657,45.65176326542941,147.73625124122174,-18.263748758778263,-0.12362401648433236,0,14.651763265429409,33.259502612524756,Q1 smallest gap
SKU-00024,WH-EAST,2166,298,3218,7,2024-03-31,105.58241758241758,41.974348233723774,0.25274725274725274,120114.48000000001,SUP-009,Raw Materials,26.04,22.831360946745562,9.478914889022839,1694.1028281038732,4104.6931135580635,1938.6931135580635,0.4723113421450282,1,1396.1028281038732,36354.51764382486,Q4 largest gap
SKU-00024,WH-APAC,2643,395,3909,7,2024-03-31,133.67032967032966,54.651635117361494,0.13186813186813187,65499.32000000001,SUP-009,Raw Materials,26.04,22.831360946745562,9.478914889022839,2147.8635244225115,5199.739068996281,2556.7390689962813,0.49170526348927257,1,1752.8635244225115,45644.5661759622,Q4 largest gap
SKU-00025,WH-APAC,154,22,236,7,2024-03-31,5.21978021978022,2.5245558368517362,0.054945054945054944,1577.1000000000001,SUP-002,Packaging,21.99,19.737991266375545,7.674509216030133,69.5187719276062,172.546748318028,18.546748318027994,0.10748825172783738,1,47.518771927606196,1044.9377946880602,Q1 smallest gap
SKU-00025,WH-EU,181,34,273,7,2024-03-31,6.835164835164835,2.845127360022692,0.3076923076923077,7434.900000000001,SUP-002,Packaging,21.99,19.737991266375545,7.674509216030133,89.89283386187252,224.80525768259326,43.805257682593265,0.1948586885118262,1,55.89283386187252,1229.0834166225766,Q2
SKU-00026,WH-WEST,152,49,413,7,2024-03-31,16.615384615384617,8.116881216560996,0.02197802197802198,539.73,SUP-005,Machinery Parts,8.5,4.961625282167043,3.0116907839136386,94.67202746056807,177.1113398411897,25.111339841189704,0.14178278964919055,1,45.672027460568074,388.21223341482863,Q1 smallest gap
SKU-00027,WH-APAC,148,21,216,7,2024-03-31,5.164835164835165,2.604541914356262,0.0989010989010989,265.95,SUP-003,Raw Materials,3.02,23.937901498929335,8.687286365032488,77.79614481451932,201.43146024854997,53.43146024854997,0.26525876435895324,1,56.79614481451932,171.52435733984836,Q2
SKU-00027,WH-EU,143,19,209,7,2024-03-31,5.34065934065934,2.1458993464009457,0.0989010989010989,336.87,SUP-003,Raw Materials,3.02,23.937901498929335,8.687286365032488,79.04583526575132,206.8900125017915,63.89001250179149,0.30881148746239384,1,60.04583526575132,181.338422502569,Q3
SKU-00028,WH-EU,129,22,186,7,2024-03-31,3.5054945054945055,1.6624855980905109,0.06593406593406594,499.59,SUP-003,Raw Materials,13.1,23.937901498929335,8.687286365032488,52.513242188950514,136.427424366516,7.427424366515993,0.05444231173464079,1,30.513242188950514,399.72347267525174,Q1 smallest gap
SKU-00029,WH-EAST,591,108,930,7,2024-03-31,38.747252747252745,18.759645463715405,0.25274725274725274,28574.790000000005,SUP-012,Chemicals,19.34,17.504424778761063,4.078664483930027,302.447338821579,980.6957099195076,389.69570991950764,0.39736658983803713,1,194.44733882157902,3760.6115328093383,Q3
SKU-00029,WH-WEST,1056,200,1657,7,2024-03-31,67.06593406593407,31.12191160859793,0.27472527472527475,63247.62,SUP-012,Chemicals,19.34,17.504424778761063,4.078664483930027,518.0005718056979,1691.9511698801898,635.9511698801898,0.37586851275691524,1,318.00057180569786,6150.131058722197,Q3
SKU-00030,WH-WEST,472,66,743,7,2024-03-31,24.428571428571427,8.981639119327902,0.17582417582417584,4010.0299999999997,SUP-019,Electronics,7.87,17.87007874015748,4.867056202208482,209.63664632725897,646.1771412653917,174.1771412653917,0.26955014367160246,1,143.63664632725897,1130.4204065955282,Q2
SKU-00030,WH-APAC,433,56,685,7,2024-03-31,20.593406593406595,7.132052878812544,0.06593406593406594,1284.55,SUP-019,Electronics,7.87,17.87007874015748,4.867056202208482,175.48238228120283,543.4881796334569,110.48817963345687,0.20329454029335667,1,119.48238228120283,940.3263485530663,Q2
SKU-00031,WH-WEST,772,120,1168,7,2024-03-31,38.934065934065934,20.06090847494322,0.12087912087912088,7670.62,SUP-023,Machinery Parts,10.83,20.363636363636363,4.812016281939356,354.3190304579001,1147.158191297061,375.15819129706097,0.3270326569981422,1,234.3190304579001,2537.6750998590583,Q3
SKU-00031,WH-APAC,685,114,1032,7,2024-03-31,35.7032967032967,13.97417817539392,0.24175824175824176,12790.439999999999,SUP-023,Machinery Parts,10.83,20.363636363636363,4.812016281939356,308.07056079649124,1035.1195118454423,350.1195118454423,0.338240664811002,1,194.07056079649124,2101.784173426,Q3
SKU-00031,WH-EAST,769,116,1166,7,2024-03-31,40.57142857142857,19.638478588471187,0.3076923076923077,19167.44,SUP-023,Machinery Parts,10.83,20.363636363636363,4.812016281939356,364.0044673692564,1190.1862855510744,421.18628555107443,0.35388265741615293,1,248.00446736925642,2685.888381609047,Q3
SKU-00032,WH-EU,222,19,364,7,2024-03-31,13.56043956043956,3.432552633597566,0.27472527472527475,991.27,SUP-012,Chemicals,1.5,17.504424778761063,4.078664483930027,95.46857340645049,332.8362676591005,110.83626765910049,0.3330053796079154,1,76.46857340645049,114.70286010967573,Q3
SKU-00033,WH-WEST,447,51,688,7,2024-03-31,31.428571428571427,7.344147870005609,0.3626373626373626,10536.3,SUP-024,Chemicals,4.42,19.02202643171806,7.886642294222281,413.6239073320972,1011.4590237575219,564.4590237575219,0.5580641533658809,1,362.6239073320972,1602.7976704078696,Q4 largest gap
SKU-00033,WH-SOUTH,448,46,692,7,2024-03-31,34.494505494505496,7.520894784788467,0.34065934065934067,9701.539999999999,SUP-024,Chemicals,4.42,19.02202643171806,7.886642294222281,453.31730659779055,1109.472701863318,661.472701863318,0.5962045760588784,1,407.31730659779055,1800.3424951622342,Q4 largest gap
SKU-00034,WH-EU,79,11,125,7,2024-03-31,3.5934065934065935,1.699529490300327,0.0989010989010989,1180.8799999999999,SUP-008,Packaging,16.98,17.345345345345347,6.2304398933825915,39.44722500074655,101.77610332962489,22.77610332962489,0.22378635636952357,1,28.44722500074655,483.03388051267643,Q2
SKU-00034,WH-EAST,76,12,119,7,2024-03-31,3.7472527472527473,1.918294419491825,0.18681318681318682,2891.12,SUP-008,Packaging,16.98,17.345345345345347,6.2304398933825915,41.567926206042515,106.56531920343552,30.56531920343552,0.286822386794391,1,29.567926206042515,502.0633869786019,Q2
SKU-00035,WH-WEST,97,14,144,7,2024-03-31,2.4615384615384617,1.0884003788199381,0.0,0.0,SUP-006,Chemicals,7.68,21.690189328743546,4.089879552892241,19.195344218274293,72.58657948902764,-24.413420510972358,-0.33633518320921496,0,5.195344218274293,39.90024359634657,Q1 smallest gap
SKU-00035,WH-EU,161,27,237,7,2024-03-31,3.879120879120879,1.7940343415217053,0.0,0.0,SUP-006,Chemicals,7.68,21.690189328743546,4.089879552892241,30.60488259959744,114.74374889681141,-46.25625110318859,-0.4031265454363588,0,3.6048825995974383,27.685498364908327,Q1 smallest gap
SKU-00035,WH-APAC,110,18,162,7,2024-03-31,2.4835164835164836,1.2680925076896437,0.0,0.0,SUP-006,Chemicals,7.68,21.690189328743546,4.089879552892241,20.161481568322383,74.02942429685031,-35.97057570314969,-0.4858956562854172,0,2.161481568322383,16.6001784447159,Q1 smallest gap
SKU-00036,WH-WEST,61,7,97,7,2024-03-31,4.912087912087912,1.2440824521474234,0.4945054945054945,847.44,SUP-019,Electronics,2.81,17.87007874015748,4.867056202208482,40.75388434901984,128.53328211660659,67.53328211660659,0.5254147486511686,1,33.75388434901984,94.84841502074576,Q4 largest gap
SKU-00037,WH-EU,3425,390,4870,7,2024-03-31,151.01098901098902,60.97093925351186,0.34065934065934067,226864.3,SUP-021,Raw Materials,29.81,27.48184818481848,11.467958765579912,2917.8763941663456,7067.937468405637,3642.9374684056374,0.5154173313912184,1,2527.8763941663456,75355.99531009876,Q4 largest gap
SKU-00038,WH-EAST,333,142,1076,7,2024-03-31,53.043956043956044,24.00967957022153,0.04395604395604396,2323.7200000000003,SUP-001,Electronics,6.54,2.3850806451612905,1.308926834597882,166.89310798306786,293.40722088629366,-39.59277911370634,-0.134941393037665,0,24.893107983067864,162.80092620926382,Q1 smallest gap
SKU-00038,WH-APAC,315,120,1072,7,2024-03-31,49.30769230769231,22.180918880721833,0.054945054945054944,3634.19,SUP-001,Electronics,6.54,2.3850806451612905,1.308926834597882,154.63262637707214,272.2354489577173,-42.764551042282676,-0.157086636608169,0,34.63262637707214,226.4973765060518,Q1 smallest gap
SKU-00039,WH-WEST,126,22,185,7,2024-03-31,5.395604395604396,3.3661026619292413,0.10989010989010989,122.2,SUP-006,Chemicals,1.74,21.690189328743546,4.089879552892241,47.019132653404974,164.0508135370652,38.05081353706521,0.23194529010042433,1,25.019132653404974,43.533290816924655,Q2
SKU-00039,WH-APAC,141,24,207,7,2024-03-31,6.769230769230769,3.3667555205334905,0.15384615384615385,192.70000000000002,SUP-006,Chemicals,1.74,21.690189328743546,4.089879552892241,54.517021018715994,201.34291801328771,60.342918013287715,0.2997022125670462,1,30.517021018715994,53.09961657256583,Q3
SKU-00039,WH-EU,127,25,185,7,2024-03-31,6.142857142857143,3.491486243775878,0.18681318681318682,253.8,SUP-006,Chemicals,1.74,21.690189328743546,4.089879552892241,51.67792689653574,184.91766134453184,57.91766134453184,0.3132078403080264,1,26.677926896535737,46.419592799972186,Q3
SKU-00040,WH-SOUTH,37,11,104,7,2024-03-31,4.637362637362638,1.798249046628312,0.07692307692307693,876.5999999999999,SUP-005,Machinery Parts,12.5,4.961625282167043,3.0116907839136386,25.226007270323983,48.23486297443928,11.234862974439281,0.23291997285019517,1,14.226007270323983,177.82509087904978,Q2
SKU-00040,WH-EU,31,9,87,7,2024-03-31,3.5384615384615383,1.7016834299382757,0.06593406593406594,642.8399999999999,SUP-005,Machinery Parts,12.5,4.961625282167043,3.0116907839136386,20.08694295184948,37.643463181055935,6.643463181055935,0.176483846587188,1,11.08694295184948,138.5867868981185,Q2
SKU-00040,WH-APAC,37,11,102,7,2024-03-31,4.043956043956044,1.6526886371545402,0.02197802197802198,204.54,SUP-005,Machinery Parts,12.5,4.961625282167043,3.0116907839136386,22.198683104919144,42.26327765258367,5.2632776525836675,0.12453548198152846,1,11.198683104919144,139.9835388114893,Q1 smallest gap
SKU-00041,WH-EU,3020,246,4651,7,2024-03-31,142.2967032967033,39.30012567282549,0.2087912087912088,34027.2,SUP-004,Textiles,8.02,20.006369426751593,3.880394056939663,971.4003359174835,3818.240750280191,798.2407502801912,0.20905982689059469,1,725.4003359174835,5817.710694058217,Q2
SKU-00041,WH-APAC,2887,198,4468,7,2024-03-31,138.63736263736263,30.44868779639918,0.14285714285714285,25214.4,SUP-004,Textiles,8.02,20.006369426751593,3.880394056939663,925.2474884838603,3698.8777817574655,811.8777817574655,0.219493000217951,1,727.2474884838603,5832.524857640559,Q2
SKU-00042,WH-EAST,150,12,222,7,2024-03-31,9.10989010989011,3.4623388031488176,0.34065934065934067,3678.3999999999996,SUP-010,Textiles,8.82,23.102310231023104,5.28808422955384,85.44358254021496,295.9030900294254,145.9030900294254,0.49307727747931396,1,73.44358254021496,647.772398004696,Q4 largest gap
SKU-00043,WH-WEST,215,32,337,7,2024-03-31,14.923076923076923,6.338998815499653,0.3626373626373626,48447.24,SUP-008,Packaging,51.6,17.345345345345347,6.2304398933825915,161.8603015735591,420.70622441948194,205.70622441948194,0.4889545542220795,1,129.8603015735591,6700.79156119565,Q4 largest gap
SKU-00043,WH-SOUTH,171,30,265,7,2024-03-31,12.54945054945055,6.272096470813737,0.3076923076923077,35350.729999999996,SUP-008,Packaging,51.6,17.345345345345347,6.2304398933825915,138.74903882867022,356.4235925032239,185.42359250322392,0.5202337791417293,1,108.74903882867022,5611.450403559384,Q4 largest gap
SKU-00043,WH-APAC,171,30,266,7,2024-03-31,11.89010989010989,6.549725268963662,0.31868131868131866,32298.16,SUP-008,Packaging,51.6,17.345345345345347,6.2304398933825915,133.35763102963466,339.5956932676969,168.5956932676969,0.49646004531275395,1,103.35763102963466,5333.253761129148,Q4 largest gap
SKU-00044,WH-SOUTH,517,60,775,7,2024-03-31,27.021978021978022,8.189394255143553,0.31868131868131866,31936.899999999998,SUP-006,Chemicals,23.51,21.690189328743546,4.089879552892241,196.19095357949809,782.3027729133485,265.30277291334846,0.33913055417833043,1,136.19095357949809,3201.8493186540004,Q3
SKU-00045,WH-WEST,391,64,583,7,2024-03-31,19.516483516483518,10.632615061804083,0.2087912087912088,6904.3099999999995,SUP-004,Textiles,8.58,20.006369426751593,3.880394056939663,154.6818456003897,545.135824742267,154.135824742267,0.28274756078476476,1,90.68184560038969,778.0502352513436,Q2
SKU-00045,WH-EAST,561,92,837,7,2024-03-31,25.065934065934066,12.639270546639944,0.24175824175824176,10365.77,SUP-004,Textiles,8.58,20.006369426751593,3.880394056939663,193.6548671583938,695.1332041080684,134.1332041080684,0.192960433072933,1,101.65486715839381,872.1987602190189,Q2
SKU-00046,WH-APAC,289,32,472,7,2024-03-31,17.923076923076923,4.455285922314374,0.25274725274725274,7126.139999999999,SUP-013,Electronics,12.55,15.831099195710456,5.971815505198103,180.06419630041898,463.8062049619987,174.80620496199867,0.3768949252766491,1,148.06419630041898,1858.2056635702584,Q3
SKU-00046,WH-SOUTH,189,16,312,7,2024-03-31,11.802197802197803,2.993399331936779,0.2857142857142857,6435.24,SUP-013,Electronics,12.55,15.831099195710456,5.971815505198103,118.66338746911252,305.50515160310187,116.50515160310187,0.381352494358131,1,102.66338746911252,1288.4255127373622,Q3
SKU-00047,WH-EU,194,16,292,7,2024-03-31,4.384615384615385,1.227184951823851,0.0,0.0,SUP-011,Machinery Parts,2.35,23.808429118773947,9.056739177086126,66.47895494096907,170.86975953867022,-23.130240461329777,-0.13536766554701612,0,50.478954940969075,118.62554411127734,Q1 smallest gap
SKU-00047,WH-WEST,171,14,258,7,2024-03-31,3.8351648351648353,0.9917855532516009,0.0,0.0,SUP-011,Machinery Parts,2.35,23.808429118773947,9.056739177086126,58.02656608991636,149.3358162267527,-21.664183773247288,-0.14507024718271347,0,44.02656608991636,103.46243031130345,Q1 smallest gap
SKU-00048,WH-SOUTH,32,4,48,7,2024-03-31,1.3736263736263736,0.5301645792341103,0.1978021978021978,255.99,SUP-009,Raw Materials,5.45,22.831360946745562,9.478914889022839,22.008670126342402,53.37042966857531,21.370429668575312,0.40041704369410935,1,18.008670126342402,98.1472521885661,Q3
SKU-00048,WH-APAC,44,6,65,7,2024-03-31,2.076923076923077,0.7184979584099849,0.15384615384615385,311.64,SUP-009,Raw Materials,5.45,22.831360946745562,9.478914889022839,33.12258132798147,80.54156175583765,36.54156175583765,0.45369820201169764,1,27.12258132798147,147.81806823749903,Q4 largest gap
SKU-00048,WH-EAST,41,6,61,7,2024-03-31,1.7252747252747254,0.6336128166831867,0.32967032967032966,612.1500000000001,SUP-009,Raw Materials,5.45,22.831360946745562,9.478914889022839,27.58121032501207,66.97158031005661,25.97158031005661,0.3878000218871445,1,21.58121032501207,117.61759627131578,Q3
SKU-00049,WH-EU,1232,207,1915,7,2024-03-31,92.42857142857143,39.24259105080795,0.4945054945054945,165938.65,SUP-019,Electronics,16.47,17.87007874015748,4.867056202208482,809.4574688588713,2461.163318127713,1229.163318127713,0.49942371116711487,1,602.4574688588713,9922.47451210561,Q4 largest gap
SKU-00049,WH-SOUTH,969,166,1504,7,2024-03-31,75.84615384615384,28.773800999027298,0.4175824175824176,95956.62,SUP-019,Electronics,16.47,17.87007874015748,4.867056202208482,653.4929030391382,2008.8696444080056,1039.8696444080056,0.5176391844551194,1,487.49290303913824,8029.008113054606,Q4 largest gap
SKU-00050,WH-EAST,644,83,974,7,2024-03-31,30.0989010989011,9.513796934575183,0.15384615384615385,3300.78,SUP-004,Textiles,6.06,20.006369426751593,3.880394056939663,209.2680171956078,811.4377519194827,167.4377519194827,0.20634700754728652,1,126.2680171956078,765.1841842053832,Q2
SKU-00051,WH-EAST,381,52,567,7,2024-03-31,14.978021978021978,7.5894342081285355,0.08791208791208792,2537.0,SUP-006,Chemicals,13.56,21.690189328743546,4.089879552892241,121.30722040255266,446.1833528759313,65.18335287593129,0.14609095667909558,1,69.30722040255266,939.805908658614,Q1 smallest gap
SKU-00052,WH-SOUTH,209,34,308,7,2024-03-31,6.6923076923076925,3.206563781067092,0.01098901098901099,157.64,SUP-006,Chemicals,11.28,21.690189328743546,4.089879552892241,53.316986686902226,198.47440757926287,-10.525592420737127,-0.05303249194248694,0,19.316986686902226,217.8956098282571,Q1 smallest gap
SKU-00052,WH-APAC,275,41,407,7,2024-03-31,7.582417582417582,3.744821414124767,0.0,0.0,SUP-006,Chemicals,11.28,21.690189328743546,4.089879552892241,60.939197813420236,225.40327074565153,-49.596729254348475,-0.22003553493380396,0,19.939197813420236,224.91415133538024,Q1 smallest gap
SKU-00053,WH-EU,865,127,1515,7,2024-03-31,103.89010989010988,39.99540266620946,0.5164835164835165,132909.63,SUP-022,Textiles,12.76,13.79874213836478,6.160488063359487,1098.072185147709,2531.6250222477156,1666.6250222477156,0.6583222268707055,1,971.072185147709,12390.881082484766,Q4 largest gap
SKU-00053,WH-WEST,1283,214,2225,7,2024-03-31,140.63736263736263,57.83607418740899,0.31868131868131866,109682.44,SUP-022,Textiles,12.76,13.79874213836478,6.160488063359487,1494.3316526072147,3434.950354659879,2151.950354659879,0.6264865958660879,1,1280.3316526072147,16337.031887268058,Q4 largest gap
SKU-00053,WH-APAC,1184,196,2054,7,2024-03-31,131.0989010989011,59.63072566406887,0.4175824175824176,132119.96,SUP-022,Textiles,12.76,13.79874213836478,6.160488063359487,1406.1137607120338,3215.113691598757,2031.1136915987572,0.6317393058000258,1,1210.1137607120338,15441.051586685551,Q4 largest gap
SKU-00054,WH-WEST,358,60,567,7,2024-03-31,16.87912087912088,8.082677175891064,0.15384615384615385,1469.1599999999999,SUP-012,Chemicals,4.06,17.504424778761063,4.078664483930027,131.38393345004013,426.8432352102269,68.84323521022691,0.16128458771595747,1,71.38393345004013,289.8187698071629,Q2
SKU-00054,WH-APAC,289,50,457,7,2024-03-31,12.10989010989011,6.154403210440383,0.04395604395604396,367.28999999999996,SUP-012,Chemicals,4.06,17.504424778761063,4.078664483930027,95.75309172774834,307.7297522353823,18.729752235382307,0.0608642878997801,1,45.75309172774834,185.75755241465825,Q1 smallest gap
SKU-00055,WH-WEST,68,7,112,7,2024-03-31,4.043956043956044,1.3817226600000123,0.0989010989010989,209.03999999999996,SUP-007,Electronics,5.01,15.153846153846153,3.780800066203314,27.414868238523482,88.69635598154969,20.696355981549686,0.23333941685106965,1,20.414868238523482,102.27848987500263,Q2
SKU-00056,WH-WEST,213,37,310,7,2024-03-31,5.868131868131868,3.1312361464188236,0.0,0.0,SUP-011,Machinery Parts,30.04,23.808429118773947,9.056739177086126,92.26108527093056,231.9720869129667,18.972086912966688,0.08178607678813012,1,55.261085270930565,1660.0430015387542,Q1 smallest gap
SKU-00056,WH-SOUTH,171,27,251,7,2024-03-31,4.34065934065934,2.6550571461511803,0.02197802197802198,162.14999999999998,SUP-011,Machinery Parts,30.04,23.808429118773947,9.056739177086126,69.27307105535812,172.61735129619007,1.6173512961900656,0.009369575445604482,1,42.273071055358116,1269.8830545029577,Q1 smallest gap
SKU-00056,WH-EAST,245,42,357,7,2024-03-31,6.604395604395604,4.325323676723501,0.0,0.0,SUP-011,Machinery Parts,30.04,23.808429118773947,9.056739177086126,106.34664451527094,263.5869291348659,18.586929134865898,0.07051536734340791,1,64.34664451527094,1932.973201238739,Q1 smallest gap
SKU-00057,WH-WEST,59,9,94,7,2024-03-31,4.945054945054945,2.3492913227545276,0.45054945054945056,6090.299999999999,SUP-012,Chemicals,17.17,17.504424778761063,4.078664483930027,38.41494528038985,124.97528759294457,65.97528759294457,0.5279066674991927,1,29.41494528038985,505.0546104642938,Q4 largest gap
SKU-00057,WH-APAC,78,12,124,7,2024-03-31,7.021978021978022,3.4447319585387572,0.3626373626373626,7266.15,SUP-012,Chemicals,17.17,17.504424778761063,4.078664483930027,54.9982454045848,177.9139314884125,99.91393148841249,0.5615857659517791,1,42.9982454045848,738.2798735967211,Q4 largest gap
SKU-00057,WH-EU,79,13,125,7,2024-03-31,6.6923076923076925,2.6444588091256764,0.3516483516483517,6361.65,SUP-012,Chemicals,17.17,17.504424778761063,4.078664483930027,49.94943932019674,167.09443591652078,88.09443591652078,0.5272134612581124,1,36.94943932019674,634.4218731277781,Q4 largest gap
SKU-00058,WH-EU,306,44,502,7,2024-03-31,26.835164835164836,9.533873803168873,0.32967032967032966,2085.5499999999997,SUP-018,Chemicals,2.04,15.317708333333334,4.505205258106774,212.8747546714138,623.9279826933919,317.92798269339187,0.5095587816416735,1,168.8747546714138,344.50449952968415,Q4 largest gap
SKU-00059,WH-EAST,93,15,137,7,2024-03-31,5.483516483516484,3.2672198081435044,0.21978021978021978,1155.96,SUP-006,Chemicals,5.37,21.690189328743546,4.089879552892241,46.937402326338166,165.87591304109674,72.87591304109674,0.4393399361306985,1,31.937402326338166,171.50385049243596,Q4 largest gap
SKU-00059,WH-APAC,105,17,155,7,2024-03-31,5.9010989010989015,3.0769932836923237,0.15384615384615385,780.7800000000001,SUP-006,Chemicals,5.37,21.690189328743546,4.089879552892241,48.22188940759466,176.2178418200703,71.2178418200703,0.40414660107339345,1,31.22188940759466,167.66154611878332,Q3
SKU-00059,WH-WEST,90,15,132,7,2024-03-31,4.747252747252747,2.942385300675501,0.26373626373626374,1196.52,SUP-006,Chemicals,5.37,21.690189328743546,4.089879552892241,41.26181803458976,144.23062891389978,54.23062891389978,0.3759993929325054,1,26.26181803458976,141.02596284574702,Q3
SKU-00060,WH-SOUTH,93,14,135,7,2024-03-31,4.164835164835165,2.099014246226263,0.37362637362637363,922.88,SUP-003,Raw Materials,3.56,23.937901498929335,8.687286365032488,62.7299799288066,162.42739386390792,69.42739386390792,0.4274364823096198,1,48.7299799288066,173.4787285465515,Q4 largest gap
SKU-00060,WH-EU,68,9,100,7,2024-03-31,2.868131868131868,1.5861118862649368,0.2087912087912088,382.13,SUP-003,Raw Materials,3.56,23.937901498929335,8.687286365032488,43.61288059416882,112.26993873944966,44.26993873944966,0.39431694037162585,1,34.61288059416882,123.22185491524101,Q3
SKU-00061,WH-WEST,314,33,461,7,2024-03-31,15.989010989010989,5.556766656757837,0.4065934065934066,6367.759999999999,SUP-010,Textiles,5.19,23.102310231023104,5.28808422955384,148.30187172006055,517.68496387543,203.68496387542996,0.3934535056815799,1,115.30187172006055,598.4167142271143,Q3
SKU-00061,WH-EAST,281,34,410,7,2024-03-31,14.065934065934066,5.118164162627494,0.1978021978021978,2568.02,SUP-010,Textiles,5.19,23.102310231023104,5.28808422955384,131.18493016588346,456.14050264620846,175.14050264620846,0.3839617434324855,1,97.18493016588346,504.3897875609352,Q3
SKU-00062,WH-EU,17,2,31,7,2024-03-31,1.5714285714285714,0.6690433824641325,0.2087912087912088,1686.96,SUP-015,Raw Materials,30.77,12.920289855072463,2.6066739969541657,8.3639819857455,28.667294615145085,11.667294615145085,0.40698973418235257,1,6.3639819857455,195.81972570138905,Q3
SKU-00062,WH-SOUTH,16,2,29,7,2024-03-31,1.3186813186813187,0.697282357587431,0.17582417582417584,1124.6399999999999,SUP-015,Raw Materials,30.77,12.920289855072463,2.6066739969541657,7.650882363492123,24.68862722732394,8.688627227323941,0.35192832502683147,1,5.650882363492123,173.87765032465262,Q3
SKU-00062,WH-EAST,24,4,43,7,2024-03-31,2.230769230769231,1.1163126113028758,0.2967032967032967,2764.74,SUP-015,Raw Materials,30.77,12.920289855072463,2.6066739969541657,12.634806449895441,41.45699151121094,17.456991511210937,0.42108679078871797,1,8.634806449895441,265.69299446328273,Q3
SKU-00063,WH-SOUTH,383,51,566,7,2024-03-31,11.626373626373626,4.4910982365077885,0.07692307692307693,1093.54,SUP-011,Machinery Parts,6.98,23.808429118773947,9.056739177086126,178.5424291049985,455.34812149689776,72.34812149689776,0.15888529694393536,1,127.54242910499849,890.2461551528895,Q1 smallest gap
SKU-00063,WH-WEST,477,56,709,7,2024-03-31,13.659340659340659,4.425230138948909,0.15384615384615385,1522.7800000000002,SUP-011,Machinery Parts,6.98,23.808429118773947,9.056739177086126,208.10450549244172,533.3119493895408,56.311949389540814,0.1055891386907769,1,152.10450549244172,1061.6894483372432,Q1 smallest gap
SKU-00063,WH-EAST,514,59,765,7,2024-03-31,16.725274725274726,5.6687563481594925,0.02197802197802198,316.82000000000005,SUP-011,Machinery Parts,6.98,23.808429118773947,9.056739177086126,255.27125323897732,653.473771027702,139.473771027702,0.21343438284960553,1,196.27125323897732,1369.9733476080619,Q2
SKU-00064,WH-SOUTH,844,185,1424,7,2024-03-31,76.87912087912088,56.953360093020194,0.46153846153846156,33664.82,SUP-022,Textiles,6.66,13.79874213836478,6.160488063359487,891.2654237594145,1952.1005885945792,1108.1005885945792,0.5676452305115893,1,706.2654237594145,4703.727722237701,Q4 largest gap
SKU-00065,WH-EU,110,11,180,7,2024-03-31,4.615384615384615,1.884257771757184,0.06593406593406594,2306.08,SUP-012,Chemicals,47.61,17.504424778761063,4.078664483930027,34.664412700318735,115.45406552536978,5.454065525369785,0.047240133992261304,1,23.664412700318735,1126.662688662175,Q1 smallest gap
SKU-00066,WH-APAC,109,16,164,7,2024-03-31,6.7032967032967035,3.1037414894303352,0.3516483516483517,3665.97,SUP-004,Textiles,6.74,20.006369426751593,3.880394056939663,50.500586171390985,184.60921639467088,75.60921639467088,0.4095636061475287,1,34.500586171390985,232.53395079517526,Q3
SKU-00066,WH-EU,168,24,252,7,2024-03-31,11.098901098901099,5.10131779282993,0.2967032967032967,5856.03,SUP-004,Textiles,6.74,20.006369426751593,3.880394056939663,83.44597983968924,305.4946954552838,137.49469545528382,0.4500722843988279,1,59.445979839689244,400.6659041195055,Q4 largest gap
SKU-00066,WH-EAST,164,23,247,7,2024-03-31,10.43956043956044,5.371134354034001,0.3076923076923077,3888.1499999999996,SUP-004,Textiles,6.74,20.006369426751593,3.880394056939663,81.17157165757398,290.02927446432136,126.02927446432136,0.43453983980443034,1,58.17157165757398,392.0763929720486,Q4 largest gap
SKU-00067,WH-EAST,935,175,1480,7,2024-03-31,40.53846153846154,14.233222241805104,0.03296703296703297,2138.9,SUP-014,Packaging,13.93,16.604938271604937,5.482979079239194,384.08737173486844,1057.2260232068531,122.22602320685314,0.11561011602429959,1,209.08737173486844,2912.5870882667173,Q1 smallest gap
SKU-00068,WH-SOUTH,274,62,425,7,2024-03-31,11.835164835164836,5.586220619153956,0.02197802197802198,2628.9,SUP-013,Electronics,77.04,15.831099195710456,5.971815505198103,124.65705691546299,312.0207254185417,38.0207254185417,0.12185320499957512,1,62.65705691546299,4827.099664767269,Q1 smallest gap
SKU-00068,WH-EAST,232,44,366,7,2024-03-31,11.912087912087912,5.683598921748147,0.12087912087912088,19570.7,SUP-013,Electronics,77.04,15.831099195710456,5.971815505198103,125.63818627477868,314.2196316390659,82.21963163906588,0.2616629368769325,1,81.63818627477868,6289.40587060895,Q2
SKU-00068,WH-WEST,286,50,455,7,2024-03-31,14.703296703296703,6.700737116159528,0.21978021978021978,41478.200000000004,SUP-013,Electronics,77.04,15.831099195710456,5.971815505198103,154.21011122612583,386.97945983997846,100.97945983997846,0.26094268641993273,1,104.21011122612583,8028.346968860735,Q2
SKU-00069,WH-SOUTH,1635,302,2896,7,2024-03-31,136.56043956043956,59.73891506495555,0.3516483516483517,53638.520000000004,SUP-015,Raw Materials,6.1,12.920289855072463,2.6066739969541657,733.8399831821232,2498.240445039107,863.2404450391068,0.34553937622509107,1,431.8399831821232,2634.2238974109514,Q3
SKU-00070,WH-EAST,33,7,98,7,2024-03-31,2.791208791208791,0.9833783437888832,0.0,0.0,SUP-005,Machinery Parts,1.5,4.961625282167043,3.0116907839136386,14.962548633994954,28.811480740263406,-4.188519259736594,-0.1453767439964733,0,7.962548633994954,11.94382295099243,Q1 smallest gap
SKU-00070,WH-APAC,34,8,101,7,2024-03-31,3.10989010989011,1.0268673986726107,0.02197802197802198,8.2,SUP-005,Machinery Parts,1.5,4.961625282167043,3.0116907839136386,16.527654281454208,31.957763675446223,-2.0422363245537767,-0.06390423138784479,0,8.527654281454208,12.791481422181311,Q1 smallest gap
SKU-00071,WH-EAST,1547,249,2412,7,2024-03-31,58.42857142857143,30.04150567951053,0.10989010989010989,6847.75,SUP-019,Electronics,7.24,17.87007874015748,4.867056202208482,530.3518630575506,1574.4750351610378,27.475035161037795,0.017450283140391386,1,281.35186305755064,2036.9874885366667,Q1 smallest gap
SKU-00072,WH-SOUTH,88,7,131,7,2024-03-31,3.758241758241758,1.0784830843020965,0.15384615384615385,602.2099999999999,SUP-003,Raw Materials,8.91,23.937901498929335,8.687286365032488,54.7724652203277,144.7368862382819,56.7368862382819,0.3920001853907189,1,47.7724652203277,425.65266511311984,Q3
SKU-00072,WH-APAC,110,7,165,7,2024-03-31,4.7032967032967035,1.3702757670103047,0.15384615384615385,737.4,SUP-003,Raw Materials,8.91,23.937901498929335,8.687286365032488,68.58006685823992,181.1671200619955,71.16712006199549,0.3928258065682231,1,61.58006685823992,548.6783957069176,Q3
SKU-00073,WH-EAST,1222,131,1791,7,2024-03-31,63.10989010989011,19.44876491334235,0.12087912087912088,7272.599999999999,SUP-010,Textiles,6.58,23.102310231023104,5.28808422955384,578.1180012709322,2036.1022612353902,814.1022612353902,0.3998336806234082,1,447.11800127093215,2942.0364483627336,Q3
SKU-00073,WH-EU,673,85,980,7,2024-03-31,35.92307692307692,12.47685035863598,0.37362637362637363,12546.0,SUP-010,Textiles,6.58,23.102310231023104,5.28808422955384,333.1713218486954,1163.0773893785254,490.07738937852537,0.421362665850113,1,248.1713218486954,1632.967297764416,Q3
SKU-00074,WH-EAST,74,11,104,7,2024-03-31,1.835164835164835,0.8200777234673995,0.054945054945054944,235.10000000000002,SUP-021,Raw Materials,18.0,27.48184818481848,11.467958765579912,35.62269542311677,86.05641681723421,12.056416817234208,0.14009898695688794,1,24.622695423116767,443.2085176161018,Q1 smallest gap
SKU-00074,WH-APAC,88,12,124,7,2024-03-31,2.043956043956044,1.1245946223920265,0.06593406593406594,211.59000000000003,SUP-021,Raw Materials,18.0,27.48184818481848,11.467958765579912,40.1815964702573,96.35328616669946,8.353286166699462,0.08669435676794209,1,28.181596470257297,507.26873646463133,Q1 smallest gap
SKU-00074,WH-WEST,80,12,112,7,2024-03-31,1.6703296703296704,0.8172439463756632,0.0,0.0,SUP-021,Raw Materials,18.0,27.48184818481848,11.467958765579912,32.582985717479204,78.48673213607711,-1.5132678639228914,-0.01928055637861504,0,20.582985717479204,370.49374291462567,Q1 smallest gap
SKU-00075,WH-WEST,21,8,72,7,2024-03-31,3.758241758241758,1.7722594451444023,0.02197802197802198,120.42,SUP-001,Electronics,10.41,2.3850806451612905,1.308926834597882,12.088633119330288,21.05234279674964,0.05234279674964171,0.002486316950801463,1,4.088633119330288,42.562670772228294,Q1 smallest gap
SKU-00076,WH-SOUTH,441,89,1335,7,2024-03-31,60.23076923076923,23.462062485390668,0.03296703296703297,3831.48,SUP-005,Machinery Parts,9.87,4.961625282167043,3.0116907839136386,327.8860531577887,626.7285605375421,185.72856053754208,0.2963460934000576,1,238.8860531577887,2357.8053446673744,Q2
SKU-00076,WH-EU,461,87,1409,7,2024-03-31,66.54945054945055,25.68582130984751,0.0989010989010989,12287.16,SUP-005,Machinery Parts,9.87,4.961625282167043,3.0116907839136386,361.732339243477,691.9257756039563,230.92577560395625,0.33374356577826536,1,274.732339243477,2711.6081883331176,Q3
SKU-00076,WH-EAST,324,63,987,7,2024-03-31,43.637362637362635,15.671287604701,0.18681318681318682,15744.300000000001,SUP-005,Machinery Parts,9.87,4.961625282167043,3.0116907839136386,234.56392438237384,451.0761660910038,127.07616609100381,0.2817177577619262,1,171.56392438237384,1693.3359336540298,Q2
SKU-00077,WH-WEST,580,99,852,7,2024-03-31,24.52747252747253,10.872330486495072,0.0989010989010989,1715.3799999999999,SUP-006,Chemicals,3.62,21.690189328743546,4.089879552892241,191.38846456510788,723.393987441543,143.393987441543,0.1982239138435341,1,92.38846456510788,334.4462417256905,Q2
SKU-00077,WH-EU,864,149,1268,7,2024-03-31,35.89010989010989,20.03577386656763,0.15384615384615385,4422.0599999999995,SUP-006,Chemicals,3.62,21.690189328743546,4.089879552892241,300.0250091383166,1078.4882876842114,214.4882876842114,0.198878643499015,1,151.0250091383166,546.7105330807061,Q2
SKU-00077,WH-APAC,750,120,1106,7,2024-03-31,29.054945054945055,13.554304471981204,0.07692307692307693,1698.1399999999999,SUP-006,Chemicals,3.62,21.690189328743546,4.089879552892241,229.76981949491642,859.9770786729157,109.9770786729157,0.12788373248578694,1,109.76981949491642,397.36674657159745,Q1 smallest gap
SKU-00078,WH-EAST,568,62,1046,7,2024-03-31,33.53846153846154,6.05035846928408,0.07692307692307693,5086.54,SUP-015,Raw Materials,15.99,12.920289855072463,2.6066739969541657,150.97406089552405,584.3007052656467,16.300705265646684,0.027897801797510623,1,88.97406089552405,1422.6952337194296,Q1 smallest gap
SKU-00079,WH-EAST,283,45,458,7,2024-03-31,12.45054945054945,5.268910358073703,0.12087912087912088,8673.509999999998,SUP-016,Textiles,41.0,15.787878787878787,6.920274605794655,148.09960864922235,344.6673742169879,61.66737421698792,0.17891851341335477,1,103.09960864922235,4227.083954618116,Q2
SKU-00079,WH-SOUTH,300,43,489,7,2024-03-31,10.956043956043956,5.301807004140902,0.02197802197802198,1787.6699999999998,SUP-016,Textiles,41.0,15.787878787878787,6.920274605794655,131.8869624528527,304.8596564255467,4.859656425546689,0.01594063472525602,1,88.88696245285271,3644.3654605669612,Q1 smallest gap
SKU-00080,WH-WEST,518,53,864,7,2024-03-31,46.76923076923077,15.738189168090404,0.32967032967032966,31755.32,SUP-018,Chemicals,9.53,15.317708333333334,4.505205258106774,368.6724678568472,1085.0699037542831,567.0699037542831,0.5226114020785684,1,315.6724678568472,3008.358618675754,Q4 largest gap
SKU-00081,WH-WEST,84,10,137,7,2024-03-31,5.571428571428571,1.5430334996209192,0.26373626373626374,2564.5499999999997,SUP-014,Packaging,9.39,16.604938271604937,5.482979079239194,51.89988761069883,144.41311512392633,60.41311512392633,0.418335378141269,1,41.89988761069883,393.4399446644621,Q3
SKU-00081,WH-EU,126,13,207,7,2024-03-31,8.604395604395604,2.220506052828303,0.1978021978021978,3007.35,SUP-014,Packaging,9.39,16.604938271604937,5.482979079239194,79.85258468276452,222.72804255822234,96.72804255822234,0.43428766960467985,1,66.85258468276452,627.7457701711588,Q4 largest gap
SKU-00081,WH-SOUTH,104,11,171,7,2024-03-31,6.483516483516484,1.7343755671879744,0.34065934065934067,3394.7999999999997,SUP-014,Packaging,9.39,16.604938271604937,5.482979079239194,60.281150431358896,167.9395414230832,63.9395414230832,0.3807295225488495,1,49.281150431358896,462.75000255046007,Q3
SKU-00082,WH-EAST,848,155,1343,7,2024-03-31,40.92307692307692,20.10540600006253,0.2967032967032967,17360.4,SUP-013,Electronics,8.08,15.831099195710456,5.971815505198103,433.2719503829119,1081.129240545832,233.1292405458321,0.21563494150628246,1,278.2719503829119,2248.437359093928,Q2
SKU-00083,WH-SOUTH,277,51,439,7,2024-03-31,15.274725274725276,8.635927453333716,0.14285714285714285,4516.049999999999,SUP-013,Electronics,12.7,15.831099195710456,5.971815505198103,165.19310739123546,407.0087984026369,130.0087984026369,0.31942503187369575,1,114.19310739123546,1450.2524638686903,Q3
SKU-00084,WH-WEST,144,31,228,7,2024-03-31,7.4945054945054945,3.2604485934492256,0.10989010989010989,1051.92,SUP-018,Chemicals,11.33,15.317708333333334,4.505205258106774,61.23425297244465,176.0329022398439,32.03290223984391,0.1819711078568667,1,30.23425297244465,342.5540861777979,Q2
SKU-00084,WH-EU,117,21,188,7,2024-03-31,6.472527472527473,3.1458638076781225,0.15384615384615385,1928.52,SUP-018,Chemicals,11.33,15.317708333333334,4.505205258106774,54.00255321021405,153.14684121387705,36.14684121387705,0.23602733773265505,1,33.00255321021405,373.9189278717252,Q2
SKU-00085,WH-EU,1154,114,1740,7,2024-03-31,44.472527472527474,11.27764815843037,0.12087912087912088,5318.599999999999,SUP-009,Raw Materials,5.85,22.831360946745562,9.478914889022839,702.9457277691763,1718.314054708509,564.314054708509,0.328411475866231,1,588.9457277691763,3445.332507449681,Q3
SKU-00086,WH-APAC,8,3,21,7,2024-03-31,1.164835164835165,0.5429085510007139,0.08791208791208792,170.7,SUP-005,Machinery Parts,7.6,4.961625282167043,3.0116907839136386,6.565386015457421,12.34486161886079,4.34486161886079,0.3519570938099947,1,3.5653860154574213,27.0969337174764,Q3
SKU-00086,WH-EU,11,4,28,7,2024-03-31,1.4285714285714286,0.685449684397965,0.03296703296703297,85.35,SUP-005,Machinery Parts,7.6,4.961625282167043,3.0116907839136386,8.105320568729692,15.193356686111182,4.193356686111182,0.2759993576629769,1,4.105320568729692,31.200436322345656,Q2
SKU-00086,WH-EAST,11,4,29,7,2024-03-31,1.4065934065934067,0.894154125143758,0.06593406593406594,153.63,SUP-005,Machinery Parts,7.6,4.961625282167043,3.0116907839136386,8.654097475701274,15.633086883584589,4.633086883584589,0.29636417414461685,1,4.654097475701274,35.37114081532968,Q2
SKU-00087,WH-EU,1191,99,2059,7,2024-03-31,79.20879120879121,15.193212288179867,0.10989010989010989,4037.26,SUP-017,Machinery Parts,4.04,14.860869565217392,2.924445131737474,399.77743782082734,1576.8889523932116,385.88895239321164,0.2447153629984889,1,300.77743782082734,1215.1408487961426,Q2
SKU-00087,WH-WEST,1008,87,1740,7,2024-03-31,63.79120879120879,12.39759518214586,0.10989010989010989,2713.4700000000003,SUP-017,Machinery Parts,4.04,14.860869565217392,2.924445131737474,322.3306886308436,1270.3235218845466,262.3235218845466,0.20650134974701972,1,235.3306886308436,950.7359820686082,Q2
SKU-00087,WH-EAST,887,76,1531,7,2024-03-31,57.31868131868132,11.807605007770878,0.1978021978021978,6049.900000000001,SUP-017,Machinery Parts,4.04,14.860869565217392,2.924445131737474,291.1961886045708,1143.001635331757,256.0016353317569,0.22397311378951115,1,215.1961886045708,869.3926019624661,Q2
SKU-00088,WH-SOUTH,6841,887,10014,7,2024-03-31,232.17582417582418,94.74768755977267,0.18681318681318682,57781.98,SUP-003,Raw Materials,10.15,23.937901498929335,8.687286365032488,3439.7387872732584,8997.540796826874,2156.5407968268737,0.23968113571515143,1,2552.7387872732584,25910.298690823573,Q2
SKU-00088,WH-EAST,9996,1339,14610,7,2024-03-31,343.2967032967033,141.0725183494483,0.10989010989010989,64464.92000000001,SUP-003,Raw Materials,10.15,23.937901498929335,8.687286365032488,5088.296790834521,13306.099459258174,3310.0994592581737,0.24876557321650403,1,3749.296790834521,38055.36242697039,Q2
SKU-00088,WH-WEST,10969,1434,16051,7,2024-03-31,374.2197802197802,150.6488781680252,0.06593406593406594,34022.240000000005,SUP-003,Raw Materials,10.15,23.937901498929335,8.687286365032488,5539.392513563439,14497.428751415522,3528.428751415522,0.24338307239971832,1,4105.392513563439,41669.73401266891,Q2
SKU-00089,WH-EAST,332,40,541,7,2024-03-31,20.52747252747253,5.29221789116531,0.34065934065934067,19951.86,SUP-013,Electronics,20.45,15.831099195710456,5.971815505198103,206.52595506519341,531.4984088848322,199.4984088848322,0.3753509051953917,1,166.52595506519341,3405.4557810832052,Q3
SKU-00090,WH-EAST,215,29,312,7,2024-03-31,7.461538461538462,2.971373391053341,0.07692307692307693,245.33999999999997,SUP-010,Textiles,2.46,23.102310231023104,5.28808422955384,70.44261795296369,242.82139429213606,27.821394292136063,0.11457554789700455,1,41.44261795296369,101.94884016429067,Q1 smallest gap
SKU-00090,WH-SOUTH,178,19,261,7,2024-03-31,6.197802197802198,2.2667636264545403,0.04395604395604396,135.72,SUP-010,Textiles,2.46,23.102310231023104,5.28808422955384,57.840445028983055,201.02399415312624,23.02399415312624,0.11453356227509909,1,38.840445028983055,95.54749477129832,Q1 smallest gap
SKU-00090,WH-WEST,200,24,292,7,2024-03-31,6.967032967032967,2.4150019528427777,0.02197802197802198,57.419999999999995,SUP-010,Textiles,2.46,23.102310231023104,5.28808422955384,64.60156993172396,225.55612692588494,25.55612692588494,0.11330273876480589,1,40.60156993172396,99.87986203204093,Q1 smallest gap
