sku,units_demanded,units_fulfilled,avg_daily_demand,demand_cv,fill_rate,stockout_rate,lost_units,product_name,category,sub_category,unit_cost,unit_price,supplier_code,revenue,lost_revenue,cogs,avg_inventory_units,avg_inventory_value,inventory_turnover,days_of_inventory,abc_class,cv_band,revenue_share
SKU-00088,580308,535435,797.1263736263736,0.34446854828615275,0.9226738214878996,0.07371794871794872,44873,Resin Pellets Lite-88,Raw Materials,Resin Pellets,10.15,16.42,SUP-003,8791842.700000001,736814.66,5434665.25,15673.739010989011,159088.45096153847,17.12756525096836,21.310676365945447,A,Medium,0.1429248170319698
SKU-00024,121938,109249,167.49725274725276,0.4086620020483818,0.895938919778904,0.09958791208791208,12689,Resin Pellets Std-24,Raw Materials,Resin Pellets,26.04,48.59,SUP-009,5308408.91,616558.51,2844843.96,2767.453296703297,72064.48384615385,19.792408917231594,18.441413651383538,A,Medium,0.08629628600982911
SKU-00053,191937,138681,263.64972527472526,0.3777386858391263,0.7225339564544616,0.26053113553113555,53256,Synthetic Fiber X-53,Textiles,Synthetic Fiber,12.76,27.23,SUP-022,3776283.63,1450160.8800000001,1769569.56,1709.5700549450548,21814.1139010989,40.67162716028949,8.97431515492389,A,Medium,0.06138925197997147
SKU-00068,29379,25774,40.35576923076923,0.3732290914846847,0.877293304741482,0.12042124542124542,3605,Sensors Pro-68,Electronics,Sensors,77.04,146.05,SUP-013,3764292.7,526510.25,1985628.9600000002,456.2142857142857,35146.74857142857,28.325294167238745,12.886009156514318,A,Medium,0.06119432111794716
SKU-00037,86949,70629,119.43543956043956,0.45457155275149863,0.8123037642756098,0.17032967032967034,16320,Resin Pellets Std-37,Raw Materials,Resin Pellets,29.81,44.18,SUP-021,3120389.22,721017.6,2105450.4899999998,1554.1456043956043,46329.08046703296,22.785199634441028,16.01917059564768,A,Medium,0.050726687630231485
SKU-00049,117812,76919,161.82967032967034,0.4301988375362276,0.6528961396122636,0.32623626373626374,40893,Connectors Plus-49,Electronics,Connectors,16.47,36.43,SUP-019,2802159.17,1489731.99,1266855.93,831.5206043956044,13695.144354395605,46.37907679397105,7.8699281061896285,A,Medium,0.04555337263560304
SKU-00076,133166,119935,182.92032967032966,0.34043654902386383,0.9006428067224367,0.10256410256410256,13231,Gearboxes Lite-76,Machinery Parts,Gearboxes,9.87,22.02,SUP-005,2640968.6999999997,291346.62,1183758.45,1553.5054945054944,15333.099230769229,38.70745619619577,9.429707758369116,A,Medium,0.0429329756132533
SKU-00041,187061,164141,256.9519230769231,0.26869910017762816,0.8774731237403841,0.1311813186813187,22920,Cotton Fabric Plus-41,Textiles,Cotton Fabric,8.02,14.4,SUP-004,2363630.4,330048.0,1316410.8199999998,3022.3255494505493,24239.050906593402,27.22935271534683,13.404652097891447,A,Low,0.038424418404483233
SKU-00017,40374,37262,55.45879120879121,0.33811322505445635,0.9229206915341557,0.08379120879120878,3112,Steel Coil X-17,Raw Materials,Steel Coil,42.77,60.54,SUP-009,2255841.48,188400.48,1593695.7400000002,829.0796703296703,35459.7375,22.533641499743194,16.19800332778702,A,Medium,0.036672145053519664
SKU-00029,59428,52034,81.63186813186813,0.42030653008980223,0.8755805344282157,0.12637362637362637,7394,Coatings Lite-29,Chemicals,Coatings,19.34,39.09,SUP-012,2034009.0600000003,289031.46,1006337.5599999999,858.7541208791209,16608.3046978022,30.379446969078955,12.014701925663989,A,Medium,0.03306592061091686
SKU-00043,25169,19181,34.5728021978022,0.3763043786979902,0.7620882832055306,0.22252747252747251,5988,Pallets Pro-43,Packaging,Pallets,51.6,98.47,SUP-008,1888753.07,589638.36,989739.6,257.02335164835165,13262.404945054945,37.41624045362963,9.755122256399563,A,Medium,0.030704562872618416
SKU-00020,90779,76212,124.69642857142857,0.23648630443069663,0.8395333722556979,0.16826923076923078,14567,Steel Coil X-20,Raw Materials,Steel Coil,11.42,15.61,SUP-021,1189669.32,227390.87,870341.04,1520.7335164835165,17366.77675824176,25.12648429130679,14.526505012334017,A,Low,0.019339889906077132
SKU-00038,89368,84258,122.75824175824175,0.3826031134273469,0.9428206964461552,0.06868131868131869,5110,Sensors Pro-38,Electronics,Sensors,6.54,13.51,SUP-001,1138325.58,69036.1,551047.32,973.4711538461538,6366.501346153846,43.39598440496298,8.410916470839563,A,Medium,0.018505219075895307
SKU-00079,18558,17161,25.49175824175824,0.32968790768116896,0.9247224916478068,0.07760989010989011,1397,Zippers X-79,Textiles,Zippers,41.0,66.21,SUP-016,1136229.8099999998,92495.37,703601.0,382.75686813186815,15693.031593406595,22.47921204965422,16.23722393799895,A,Medium,0.01847114913697441
SKU-00031,72214,61263,99.19505494505495,0.33049770159847025,0.8483535048605534,0.152014652014652,10951,Valves Plus-31,Machinery Parts,Valves,10.83,18.22,SUP-023,1116211.8599999999,199527.22,663478.29,1055.793956043956,11434.248543956044,29.09246856045526,12.54620243866608,A,Medium,0.018145726817816548
SKU-00067,31001,28557,42.58379120879121,0.4496388971422852,0.9211638334247282,0.08104395604395605,2444,Pallets X-67,Packaging,Pallets,13.93,29.3,SUP-014,836720.1,71609.2,397799.01,586.7156593406594,8172.949134615385,24.403177962629552,14.95706831950135,A,Medium,0.013602161831156449
SKU-00005,36807,32968,50.559065934065934,0.38974823867367153,0.8956991876545223,0.10714285714285714,3839,Steel Coil Plus-5,Raw Materials,Steel Coil,11.62,24.79,SUP-003,817276.72,95168.81,383088.16,804.4436813186813,9347.635576923076,20.54747410930016,17.76374059694249,A,Medium,0.013286080023985007
SKU-00069,73695,61419,101.2293956043956,0.4779329496188909,0.833421534703847,0.15796703296703296,12276,Resin Pellets Std-69,Raw Materials,Resin Pellets,6.1,11.57,SUP-015,710617.8300000001,142033.32,374655.89999999997,1000.9642857142857,6105.882142857142,30.764201278437554,11.864439342874354,A,Medium,0.011552177034787647
SKU-00087,138767,114613,190.61401098901098,0.26355181586215387,0.8259384435780841,0.17765567765567766,24154,Valves Std-87,Machinery Parts,Valves,4.04,5.99,SUP-017,686531.87,144682.46,463036.52,1652.4505494505495,6675.90021978022,34.77498038211647,10.496051931281793,A,Low,0.01116062300641094
SKU-00056,14313,12599,19.660714285714285,0.41044324953132855,0.8802487249353734,0.09432234432234432,1714,Gearboxes Lite-56,Machinery Parts,Gearboxes,30.04,54.05,SUP-011,680975.95,92641.7,378473.95999999996,353.9024725274725,10631.230274725274,17.84900307016352,20.449321374712277,A,Medium,0.011070303049999041
SKU-00078,24284,22116,33.357142857142854,0.2414088658157813,0.9107231098665788,0.09615384615384616,2168,Steel Coil X-78,Raw Materials,Steel Coil,15.99,25.82,SUP-015,571035.12,55977.76,353634.84,356.2142857142857,5695.8664285714285,31.128395366414214,11.725628504250317,A,Low,0.009283047118760315
SKU-00071,45483,41969,62.47664835164835,0.48012715351289736,0.9227403645318031,0.07692307692307693,3514,Circuit Boards Lite-71,Electronics,Circuit Boards,7.24,12.25,SUP-019,514120.25,43046.5,303855.56,854.4793956043956,6186.4308241758245,24.62569587226976,14.821916176225308,A,Medium,0.008357809070410298
SKU-00012,72065,53589,98.99038461538461,0.48634360127942755,0.743620342746132,0.25961538461538464,18476,Displays Pro-12,Electronics,Displays,5.84,9.32,SUP-013,499449.48000000004,172196.32,312959.76,773.2211538461538,4515.611538461538,34.74828789937912,10.50411465039467,A,Medium,0.008119313320484278
SKU-00044,14544,12109,19.978021978021978,0.42858239906857426,0.83257700770077,0.15521978021978022,2435,Adhesives Plus-44,Chemicals,Adhesives,23.51,41.05,SUP-006,497074.44999999995,99956.75,284682.59,243.7032967032967,5729.464505494506,24.911986517563243,14.651581468329342,A,Medium,0.008080703584189127
SKU-00003,4397,3843,6.039835164835165,0.29422459215372815,0.8740050034114168,0.1282051282051282,554,Cartons Plus-3,Packaging,Cartons,54.44,126.76,SUP-002,487138.68,70225.04000000001,209212.91999999998,70.91346153846153,3860.5288461538457,27.170847457627122,13.433515482695809,A,Low,0.007919182483575973
SKU-00073,56037,47112,76.9739010989011,0.3300780600908784,0.8407302318111248,0.15453296703296704,8925,Synthetic Fiber Std-73,Textiles,Synthetic Fiber,6.58,10.2,SUP-010,480542.39999999997,91035.0,309996.96,859.1002747252747,5652.879807692308,27.494711596114644,13.275280183392768,B,Medium,0.007811949888059716
SKU-00045,29876,25495,41.03846153846154,0.3975154972834699,0.8533605569688044,0.1462912087912088,4381,Zippers Plus-45,Textiles,Zippers,8.58,18.61,SUP-004,474461.95,81530.41,218747.1,461.52335164835165,3959.8703571428573,27.696368035858317,13.17862325946264,B,Medium,0.0077131028962087326
SKU-00010,12594,12273,17.29945054945055,0.29982697091045923,0.974511672224869,0.022664835164835164,321,Steel Coil X-10,Raw Materials,Steel Coil,16.1,38.13,SUP-003,467969.49000000005,12239.730000000001,197595.30000000002,420.3090659340659,6766.975961538462,14.640080396097849,24.931557076509414,B,Low,0.007607558053193356
SKU-00001,26270,24270,36.08516483516483,0.3241933615971824,0.9238675295013323,0.07967032967032966,2000,Cotton Fabric Plus-1,Textiles,Cotton Fabric,10.61,19.28,SUP-016,467925.60000000003,38560.0,257504.69999999998,505.7815934065934,5366.342706043955,24.058483089766955,15.171363823650598,B,Medium,0.00760684455427924
SKU-00008,7869,6941,10.809065934065934,0.39639455098800824,0.8820688778752065,0.11126373626373626,928,Cartons Std-8,Packaging,Cartons,29.24,62.5,SUP-002,433812.5,58000.0,202954.84,128.99862637362637,3771.9198351648347,26.977297654161923,13.529894827834607,B,Medium,0.007052284066533788
SKU-00082,32720,27696,44.94505494505494,0.5770768318463221,0.8464547677261614,0.14560439560439561,5024,Displays Lite-82,Electronics,Displays,8.08,15.64,SUP-013,433165.44,78575.36,223783.68,429.7706043956044,3472.5464835164835,32.310362351497254,11.296685441941074,B,High,0.007041765118997487
SKU-00077,51987,48422,71.41071428571429,0.39766316324206236,0.9314251639833036,0.06547619047619048,3565,Solvents Lite-77,Chemicals,Solvents,3.62,8.62,SUP-006,417397.63999999996,30730.299999999996,175287.64,1192.5755494505495,4317.123489010989,20.357212377403695,17.929763330717442,B,Medium,0.006785435472654213
SKU-00080,20839,17497,28.625,0.40180704771235776,0.83962762128701,0.13736263736263737,3342,Adhesives Pro-80,Chemicals,Adhesives,9.53,22.78,SUP-018,398581.66000000003,76130.76000000001,166746.40999999997,303.57142857142856,2893.0357142857138,28.897760180995473,12.630736697719607,B,Medium,0.006479553009723297
SKU-00025,10283,8706,14.125,0.43077111319608635,0.8466400855781386,0.13736263736263737,1577,Pallets Pro-25,Packaging,Pallets,21.99,45.06,SUP-002,392292.36000000004,71059.62000000001,191444.93999999997,167.23076923076923,3677.404615384615,26.101409515047965,13.98391913622789,B,Medium,0.006377310842474426
SKU-00089,14003,11029,19.23489010989011,0.3057142258988512,0.7876169392273085,0.2239010989010989,2974,Circuit Boards X-89,Electronics,Circuit Boards,20.45,34.82,SUP-013,384029.78,103554.68000000001,225543.05,159.28846153846155,3257.4490384615387,34.714691019471886,10.514280533139903,B,Medium,0.006242989998140847
SKU-00002,43233,35931,59.385989010989015,0.2878670960192272,0.831101242106724,0.16895604395604397,7302,Circuit Boards Lite-2,Electronics,Circuit Boards,4.49,10.48,SUP-001,376556.88,76524.96,161330.19,292.7445054945055,1314.4228296703297,61.53781003950863,5.931312793966213,B,Low,0.006121506607042617
SKU-00016,4121,3918,5.660714285714286,0.3440292851237385,0.9507401116233923,0.047619047619047616,203,Steel Coil Std-16,Raw Materials,Steel Coil,61.33,93.36,SUP-021,365784.48,18952.079999999998,240290.94,125.14148351648352,7674.927184065934,15.697287685367113,23.2524247064829,B,Medium,0.005946384809311273
SKU-00030,37479,29754,51.482142857142854,0.36495544563043236,0.7938845753622028,0.19230769230769232,7725,Connectors X-30,Electronics,Connectors,7.87,11.17,SUP-019,332352.18,86288.25,234163.98,425.342032967033,3347.4417994505498,35.072646771021375,10.406970491362506,B,Medium,0.005402891764280119
SKU-00046,23052,16748,31.664835164835164,0.3361803367429504,0.7265313204927989,0.2699175824175824,6304,Displays Lite-46,Electronics,Displays,12.55,19.74,SUP-013,330605.51999999996,124440.95999999999,210187.40000000002,236.15384615384616,2963.7307692307695,35.55735225686366,10.265106281347027,B,Medium,0.005374497141055449
SKU-00085,26075,24325,35.81730769230769,0.34907154943527147,0.9328859060402684,0.07005494505494506,1750,Resin Pellets Plus-85,Raw Materials,Resin Pellets,5.85,13.1,SUP-009,318657.5,22925.0,142301.25,628.5810439560439,3677.1991071428565,19.402292797094454,18.81220966084275,B,Medium,0.005180263846550043
SKU-00063,33694,29644,46.282967032967036,0.3329483894585229,0.8798005579628421,0.11034798534798534,4050,Motors Std-63,Machinery Parts,Motors,6.98,10.22,SUP-011,302961.68,41391.0,206915.12000000002,686.1071428571429,4789.027857142858,21.662388935826026,16.849480501956553,B,Medium,0.004925104344928531
SKU-00004,19741,16941,27.11675824175824,0.31169782464978996,0.8581632136163315,0.14560439560439561,2800,Solvents Std-4,Chemicals,Solvents,7.95,17.49,SUP-012,296298.08999999997,48971.99999999999,134680.95,309.7541208791209,2462.5452609890112,27.42100921947131,13.310961572516382,B,Medium,0.004816777522665654
SKU-00064,40238,31296,55.27197802197802,0.7162917270351569,0.7777722550822606,0.17857142857142858,8942,Synthetic Fiber X-64,Textiles,Synthetic Fiber,6.66,9.38,SUP-022,293556.48000000004,83875.96,208431.36000000002,481.7239010989011,3208.2811813186813,32.572577310768615,11.205745143149285,B,High,0.004772208469169848
SKU-00040,9995,9186,13.729395604395604,0.33121819359076604,0.9190595297648825,0.08287545787545787,809,Valves Std-40,Machinery Parts,Valves,12.5,29.22,SUP-005,268414.92,23638.98,114825.0,124.91346153846153,1561.418269230769,36.870470765475005,9.899521010232963,B,Medium,0.004363494052236718
SKU-00033,30066,24767,41.29945054945055,0.3851771486002927,0.8237544069713297,0.15247252747252749,5299,Coatings Pro-33,Chemicals,Coatings,4.42,10.18,SUP-024,252128.06,53943.82,109470.14,439.75274725274727,1943.7071428571428,28.237505466358467,12.926070981548028,B,Medium,0.004098726293650079
SKU-00065,3118,2958,4.282967032967033,0.3408890973271007,0.9486850545221296,0.050824175824175824,160,Solvents X-65,Chemicals,Solvents,47.61,79.52,SUP-012,235220.15999999997,12723.199999999999,140830.38,70.03434065934066,3334.3349587912085,21.1762283024419,17.23630831643002,B,Medium,0.0038238625823265307
SKU-00026,12723,11744,17.47664835164835,0.481252266790586,0.9230527391338521,0.0673076923076923,979,Gearboxes Lite-26,Machinery Parts,Gearboxes,8.5,19.99,SUP-005,234762.55999999997,19570.21,99824.0,183.76098901098902,1561.9684065934066,32.04233880010166,11.391178474114442,B,Medium,0.003816423596154288
SKU-00013,18548,15084,25.478021978021978,0.3593141287006734,0.8132413198188484,0.17101648351648352,3464,Adhesives Pro-13,Chemicals,Adhesives,11.23,15.4,SUP-012,232293.6,53345.6,169393.32,238.93956043956044,2683.2912637362638,31.651183112194452,11.531954388756299,B,Medium,0.0037762868843976903
SKU-00083,12300,9411,16.895604395604394,0.623546861474949,0.7651219512195122,0.20054945054945056,2889,Circuit Boards Std-83,Electronics,Circuit Boards,12.7,24.15,SUP-013,227275.65,69769.34999999999,119519.7,138.24313186813185,1755.6877747252745,34.131367931558714,10.693975135479755,B,High,0.003694712451130638
SKU-00052,10248,9961,14.076923076923077,0.3949507537405876,0.9719945355191257,0.026785714285714284,287,Solvents Lite-52,Chemicals,Solvents,11.28,22.52,SUP-006,224321.72,6463.24,112360.07999999999,313.885989010989,3540.633956043956,15.910817517034337,22.940367432988655,B,Medium,0.0036466918120926753
SKU-00034,6377,4989,8.759615384615385,0.4450893716012492,0.7823427944174377,0.18406593406593408,1388,Wrap Film Lite-34,Packaging,Wrap Film,16.98,40.72,SUP-008,203152.08,56519.36,84713.22,74.22664835164835,1260.368489010989,33.69885448859115,10.831228703146923,B,Medium,0.003302547014821374
SKU-00057,8467,6699,11.630494505494505,0.4811218888274974,0.7911893232549899,0.16071428571428573,1768,Solvents Std-57,Chemicals,Solvents,17.17,30.15,SUP-012,201974.84999999998,53305.2,115021.83000000002,117.04120879120879,2009.5975549450552,28.69674670797831,12.719211822660098,C,Medium,0.0032834093450408914
SKU-00051,9721,9293,13.353021978021978,0.4317755763466148,0.9559716078592737,0.050824175824175824,428,Solvents Plus-51,Chemicals,Solvents,13.56,21.5,SUP-006,199799.5,9202.0,126013.08,204.88186813186815,2778.1981318681324,22.741227188007024,16.05014527063381,C,Medium,0.0032480457118027202
SKU-00081,13498,10742,18.541208791208792,0.259582637992019,0.7958216032004741,0.20238095238095238,2756,Wrap Film Std-81,Packaging,Wrap Film,9.39,18.45,SUP-014,198189.9,50848.2,100867.38,153.31730769230768,1439.649519230769,35.12816377727008,10.39052318004096,C,Low,0.0032218792079940634
SKU-00066,14802,12069,20.332417582417584,0.3786604398769348,0.8153627888123227,0.15934065934065933,2733,Zippers X-66,Textiles,Zippers,6.74,15.87,SUP-004,191535.03,43372.71,81345.06,210.3021978021978,1417.4368131868132,28.77325277596342,12.685392327450492,C,Medium,0.003113694142635519
SKU-00061,18847,15518,25.888736263736263,0.3459163364621857,0.8233671141295696,0.17582417582417584,3329,Cotton Fabric Pro-61,Textiles,Cotton Fabric,5.19,11.62,SUP-010,180319.15999999997,38682.979999999996,80538.42000000001,238.69505494505495,1238.8273351648352,32.59521206192094,11.197963655110195,C,Medium,0.0029313630634404415
SKU-00084,7966,7508,10.942307692307692,0.42395490367567046,0.9425056490082853,0.05425824175824176,458,Adhesives Plus-84,Chemicals,Adhesives,11.33,19.48,SUP-018,146255.84,8921.84,85065.64,173.69917582417582,1968.011662087912,21.671451052960386,16.842434736281298,C,Medium,0.002377611825545633
SKU-00050,19370,17141,26.607142857142858,0.404088650026119,0.8849251419721218,0.1043956043956044,2229,Synthetic Fiber Std-50,Textiles,Synthetic Fiber,6.06,8.13,SUP-004,139356.33000000002,18121.77,103874.45999999999,336.8557692307692,2041.3459615384613,25.512537158842072,14.306691558252144,C,Medium,0.0022654497637334668
SKU-00014,33848,23268,46.494505494505496,0.369377009902211,0.6874261403923423,0.2925824175824176,10580,Zippers Lite-14,Textiles,Zippers,2.42,5.2,SUP-016,120993.6,55016.0,56308.56,280.8008241758242,679.5379945054945,41.54532513464728,8.785585353274884,C,Medium,0.0019669355710878835
SKU-00054,18555,17419,25.48763736263736,0.39831344204321606,0.9387766100781461,0.06456043956043957,1136,Coatings X-54,Chemicals,Coatings,4.06,6.93,SUP-012,120713.67,7872.48,70721.14,401.8228021978022,1631.4005769230769,21.7345236508083,16.793558757678397,C,Medium,0.001962384881841389
SKU-00019,11527,9766,15.833791208791208,0.38128113847026124,0.8472282467250802,0.14972527472527472,1761,Coatings Plus-19,Chemicals,Coatings,9.03,11.73,SUP-024,114555.18000000001,20656.530000000002,88186.98,187.04532967032966,1689.0193269230767,26.177690957560095,13.943170182265002,C,Medium,0.0018622692307227434
SKU-00062,2706,2305,3.717032967032967,0.3341769134356482,0.8518107908351811,0.13232600732600733,401,Resin Pellets Lite-62,Raw Materials,Resin Pellets,30.77,46.86,SUP-015,108012.3,18790.86,70924.85,33.46291208791209,1029.6538049450548,34.5357333442798,10.56876355748373,C,Medium,0.0017559047336802593
SKU-00074,4453,4151,6.116758241758242,0.3394966429842712,0.9321805524365596,0.060897435897435896,302,Resin Pellets X-74,Raw Materials,Resin Pellets,18.0,23.51,SUP-021,97590.01000000001,7100.02,74718.0,123.88324175824175,2229.8983516483513,16.799705057269897,21.72657191038304,C,Medium,0.0015864745081708644
SKU-00007,4457,4013,6.122252747252747,0.45503277614383747,0.9003814224814898,0.07921245421245421,444,Solvents Std-7,Chemicals,Solvents,13.48,23.6,SUP-024,94706.8,10478.400000000001,54095.240000000005,92.2760989010989,1243.8818131868134,21.80426336394897,16.739845502118115,C,Medium,0.001539603530632248
SKU-00021,15178,12333,20.8489010989011,0.4207949766750373,0.8125576492291474,0.17651098901098902,2845,Wrap Film X-21,Packaging,Wrap Film,3.32,7.13,SUP-020,87934.29,20284.85,40945.56,181.52472527472528,602.6620879120879,34.06390465380249,10.715154463634153,C,Medium,0.0014295060475872903
SKU-00035,7481,7226,10.276098901098901,0.34571600553594817,0.9659136479080337,0.03021978021978022,255,Adhesives Lite-35,Chemicals,Adhesives,7.68,11.35,SUP-006,82015.09999999999,2894.25,55495.68,214.16758241758242,1644.807032967033,16.916312839129265,21.576805978411294,C,Medium,0.0013332805830748888
SKU-00059,8939,7580,12.278846153846153,0.37434877620188095,0.8479695715404407,0.1433150183150183,1359,Coatings Plus-59,Chemicals,Coatings,5.37,10.14,SUP-006,76861.2,13780.26,40704.6,131.1717032967033,704.3920467032967,28.972804289319633,12.59802110817942,C,Medium,0.0012494960751353794
SKU-00009,14857,11777,20.407967032967033,0.36635179636271226,0.7926903143299455,0.19139194139194138,3080,Displays Pro-9,Electronics,Displays,2.63,5.81,SUP-001,68424.37,17894.8,30973.51,86.82967032967034,228.36203296703297,68.00298993861925,5.367411055447058,C,Medium,0.0011123425311940355
SKU-00090,13626,12750,18.717032967032967,0.2508444015229092,0.9357111404667547,0.07051282051282051,876,Zippers X-90,Textiles,Zippers,2.46,5.22,SUP-010,66555.0,4572.719999999999,31365.0,312.2774725274725,768.2025824175824,20.470620837695414,17.83043137254902,C,Low,0.001081953069697522
SKU-00018,7923,6039,10.883241758241759,0.32331192354060256,0.7622112836046951,0.24313186813186813,1884,Labels Pro-18,Packaging,Labels,7.1,10.3,SUP-008,62201.700000000004,19405.2,42876.9,83.46428571428571,592.5964285714285,36.276537967808835,10.06159960258321,C,Medium,0.0010111835362542913
SKU-00042,5128,3901,7.043956043956044,0.4326006153037795,0.7607254290171607,0.2239010989010989,1227,Zippers Plus-42,Textiles,Zippers,8.82,15.2,SUP-010,59295.2,18650.399999999998,34406.82,54.8228021978022,483.5371153846154,35.676004109142845,10.230966418866958,C,Medium,0.0009639339442315153
SKU-00023,16242,15686,22.310439560439562,0.4567640687818701,0.965767762590814,0.02564102564102564,556,Steel Coil Std-23,Raw Materials,Steel Coil,2.27,3.69,SUP-015,57881.34,2051.64,35607.22,458.93131868131866,1041.7740934065935,17.136652878462264,21.299375239066684,C,Medium,0.0009409494927684766
SKU-00028,2464,2376,3.3846153846153846,0.5723611454304715,0.9642857142857143,0.03708791208791209,88,Resin Pellets Plus-28,Raw Materials,Resin Pellets,13.1,23.79,SUP-003,56525.04,2093.52,31125.6,63.06456043956044,826.1457417582417,18.88959072989044,19.322811447811446,C,High,0.0009189007669262297
SKU-00072,4984,4530,6.846153846153846,0.2634392754193756,0.908908507223114,0.09684065934065934,454,Steel Coil Std-72,Raw Materials,Steel Coil,8.91,12.29,SUP-003,55673.7,5579.66,40362.3,98.17445054945055,874.7343543956044,23.13455807250493,15.777262693156734,C,Low,0.0009050609363146109
SKU-00015,8273,7794,11.364010989010989,0.31787399786919746,0.942100809863411,0.057692307692307696,479,Aluminum Sheet Lite-15,Raw Materials,Aluminum Sheet,3.53,6.74,SUP-009,52531.560000000005,3228.46,27512.82,211.5467032967033,746.7598626373626,18.472072516655196,19.75955863484732,C,Medium,0.0008539806565697477
SKU-00006,5651,5471,7.762362637362638,0.6161458651598134,0.9681472305786586,0.03021978021978022,180,Coatings X-6,Chemicals,Coatings,4.31,9.39,SUP-018,51372.69,1690.2,23580.01,132.99862637362637,573.2240796703296,20.62438676760687,17.697495887406323,C,High,0.0008351414566015956
SKU-00086,2710,2522,3.7225274725274726,0.3544894003617211,0.9306273062730628,0.06456043956043957,188,Gearboxes X-86,Machinery Parts,Gearboxes,7.6,17.07,SUP-005,43050.54,3209.16,19167.2,33.52884615384615,254.81923076923076,37.71272891146709,9.678429817605075,C,Medium,0.0006998522110305155
SKU-00075,3006,2739,4.1291208791208796,0.46739978966516055,0.9111776447105788,0.08379120879120878,267,Displays Lite-75,Electronics,Displays,10.41,13.38,SUP-001,36647.82,3572.46,28512.99,32.175824175824175,334.95032967032967,42.67994364754098,8.552026286966045,C,Medium,0.0005957662286337952
SKU-00027,6330,5827,8.695054945054945,0.35606062694401447,0.9205371248025277,0.07005494505494506,503,Steel Coil Pro-27,Raw Materials,Steel Coil,3.02,5.91,SUP-003,34437.57,2972.73,17597.54,159.9271978021978,482.9801373626374,18.267712815755793,19.98060751673245,C,Medium,0.0005598352426477844
SKU-00022,16531,12744,22.707417582417584,0.3052066251819506,0.770915250136108,0.22527472527472528,3787,Wrap Film Lite-22,Packaging,Wrap Film,1.5,2.54,SUP-020,32369.760000000002,9618.98,19116.0,163.87912087912088,245.8186813186813,38.9891369945685,9.361581920903953,C,Medium,0.0005262198361861927
SKU-00048,3284,2687,4.510989010989011,0.2778288623467072,0.8182095006090134,0.17902930402930403,597,Aluminum Sheet Plus-48,Raw Materials,Aluminum Sheet,5.45,11.13,SUP-009,29906.31,6644.610000000001,14644.15,52.254120879120876,284.7849587912088,25.781525196498514,14.157424637141792,C,Low,0.0004861726978863451
SKU-00058,13657,10754,18.759615384615383,0.4526918295808466,0.7874350150106173,0.19230769230769232,2903,Solvents Plus-58,Chemicals,Solvents,2.04,2.65,SUP-018,28498.1,7692.95,21938.16,161.12637362637363,328.6978021978022,33.46300085251492,10.907569276548262,C,Medium,0.0004632800957936586
SKU-00047,8444,7733,11.598901098901099,0.39640310410687807,0.9157981999052581,0.0782967032967033,711,Valves Std-47,Machinery Parts,Valves,2.35,3.35,SUP-011,25905.55,2381.85,18172.55,204.6771978021978,480.99141483516485,18.942619375188748,19.268718479244797,C,Medium,0.0004211342400225774
SKU-00060,3781,3397,5.193681318681318,0.4500338895361852,0.8984395662523142,0.09409340659340659,384,Resin Pellets Pro-60,Raw Materials,Resin Pellets,3.56,7.21,SUP-003,24492.37,2768.64,12093.32,89.0521978021978,317.02582417582414,19.12548202992442,19.08448631145128,C,Medium,0.0003981608429970325
SKU-00039,9926,9154,13.634615384615385,0.4385473588955919,0.922224461011485,0.06547619047619048,772,Solvents Std-39,Chemicals,Solvents,1.74,2.35,SUP-006,21511.9,1814.2,15927.96,213.17582417582418,370.9259340659341,21.529524717768954,16.953462967008956,C,Medium,0.0003497087557663004
SKU-00055,3033,2387,4.166208791208791,0.3171053247799183,0.7870095614902737,0.20192307692307693,646,Sensors Plus-55,Electronics,Sensors,5.01,8.04,SUP-007,19191.48,5193.839999999999,11958.869999999999,34.14697802197802,171.07635989010987,35.04786998672513,10.414327607875995,C,Medium,0.00031198678834105025
SKU-00032,7467,6589,10.256868131868131,0.33236845249412905,0.8824159635730547,0.10714285714285714,878,Solvents Plus-32,Chemicals,Solvents,1.5,2.89,SUP-012,19042.21,2537.42,9883.5,111.8021978021978,167.7032967032967,29.5481742677413,12.35270906055547,C,Medium,0.00030956017674592216
SKU-00011,5877,4813,8.072802197802197,0.35796755064461466,0.8189552492768419,0.17925824175824176,1064,Connectors X-11,Electronics,Connectors,1.5,3.07,SUP-001,14775.91,3266.48,7219.5,36.69505494505494,55.04258241758241,65.76121134985402,5.5503843756492826,C,Medium,0.0002402049610408581
SKU-00070,5526,5217,7.59065934065934,0.3194268286286741,0.9440825190010858,0.052884615384615384,309,Bearings Pro-70,Machinery Parts,Bearings,1.5,2.05,SUP-005,10694.849999999999,633.4499999999999,7825.5,88.64148351648352,132.96222527472528,29.508375819373633,12.36936936936937,C,Medium,0.00017386110416128827
SKU-00036,3521,2216,4.836538461538462,0.41801275075886646,0.6293666571996592,0.3392857142857143,1305,Displays Plus-36,Electronics,Displays,2.81,4.28,SUP-019,9484.480000000001,5585.400000000001,6226.96,23.532967032967033,66.12763736263736,47.212234415129586,7.731046931407943,C,Medium,0.00015418469311824439
