sku,product_name,category,sub_category,unit_cost,unit_price,supplier_code
SKU-00001,Cotton Fabric Plus-1,Textiles,Cotton Fabric,10.61,19.28,SUP-016
SKU-00002,Circuit Boards Lite-2,Electronics,Circuit Boards,4.49,10.48,SUP-001
SKU-00003,Cartons Plus-3,Packaging,Cartons,54.44,126.76,SUP-002
SKU-00004,Solvents Std-4,Chemicals,Solvents,7.95,17.49,SUP-012
SKU-00005,Steel Coil Plus-5,Raw Materials,Steel Coil,11.62,24.79,SUP-003
SKU-00006,Coatings X-6,Chemicals,Coatings,4.31,9.39,SUP-018
SKU-00007,Solvents Std-7,Chemicals,Solvents,13.48,23.6,SUP-024
SKU-00008,Cartons Std-8,Packaging,Cartons,29.24,62.5,SUP-002
SKU-00009,Displays Pro-9,Electronics,Displays,2.63,5.81,SUP-001
SKU-00010,Steel Coil X-10,Raw Materials,Steel Coil,16.1,38.13,SUP-003
SKU-00011,Connectors X-11,Electronics,Connectors,1.5,3.07,SUP-001
SKU-00012,Displays Pro-12,Electronics,Displays,5.84,9.32,SUP-013
SKU-00013,Adhesives Pro-13,Chemicals,Adhesives,11.23,15.4,SUP-012
SKU-00014,Zippers Lite-14,Textiles,Zippers,2.42,5.2,SUP-016
SKU-00015,Aluminum Sheet Lite-15,Raw Materials,Aluminum Sheet,3.53,6.74,SUP-009
SKU-00016,Steel Coil Std-16,Raw Materials,Steel Coil,61.33,93.36,SUP-021
SKU-00017,Steel Coil X-17,Raw Materials,Steel Coil,42.77,60.54,SUP-009
SKU-00018,Labels Pro-18,Packaging,Labels,7.1,10.3,SUP-008
SKU-00019,Coatings Plus-19,Chemicals,Coatings,9.03,11.73,SUP-024
SKU-00020,Steel Coil X-20,Raw Materials,Steel Coil,11.42,15.61,SUP-021
SKU-00021,Wrap Film X-21,Packaging,Wrap Film,3.32,7.13,SUP-020
SKU-00022,Wrap Film Lite-22,Packaging,Wrap Film,1.5,2.54,SUP-020
SKU-00023,Steel Coil Std-23,Raw Materials,Steel Coil,2.27,3.69,SUP-015
SKU-00024,Resin Pellets Std-24,Raw Materials,Resin Pellets,26.04,48.59,SUP-009
SKU-00025,Pallets Pro-25,Packaging,Pallets,21.99,45.06,SUP-002
SKU-00026,Gearboxes Lite-26,Machinery Parts,Gearboxes,8.5,19.99,SUP-005
SKU-00027,Steel Coil Pro-27,Raw Materials,Steel Coil,3.02,5.91,SUP-003
SKU-00028,Resin Pellets Plus-28,Raw Materials,Resin Pellets,13.1,23.79,SUP-003
SKU-00029,Coatings Lite-29,Chemicals,Coatings,19.34,39.09,SUP-012
SKU-00030,Connectors X-30,Electronics,Connectors,7.87,11.17,SUP-019
SKU-00031,Valves Plus-31,Machinery Parts,Valves,10.83,18.22,SUP-023
SKU-00032,Solvents Plus-32,Chemicals,Solvents,1.5,2.89,SUP-012
SKU-00033,Coatings Pro-33,Chemicals,Coatings,4.42,10.18,SUP-024
SKU-00034,Wrap Film Lite-34,Packaging,Wrap Film,16.98,40.72,SUP-008
SKU-00035,Adhesives Lite-35,Chemicals,Adhesives,7.68,11.35,SUP-006
SKU-00036,Displays Plus-36,Electronics,Displays,2.81,4.28,SUP-019
SKU-00037,Resin Pellets Std-37,Raw Materials,Resin Pellets,29.81,44.18,SUP-021
SKU-00038,Sensors Pro-38,Electronics,Sensors,6.54,13.51,SUP-001
SKU-00039,Solvents Std-39,Chemicals,Solvents,1.74,2.35,SUP-006
SKU-00040,Valves Std-40,Machinery Parts,Valves,12.5,29.22,SUP-005
SKU-00041,Cotton Fabric Plus-41,Textiles,Cotton Fabric,8.02,14.4,SUP-004
SKU-00042,Zippers Plus-42,Textiles,Zippers,8.82,15.2,SUP-010
SKU-00043,Pallets Pro-43,Packaging,Pallets,51.6,98.47,SUP-008
SKU-00044,Adhesives Plus-44,Chemicals,Adhesives,23.51,41.05,SUP-006
SKU-00045,Zippers Plus-45,Textiles,Zippers,8.58,18.61,SUP-004
SKU-00046,Displays Lite-46,Electronics,Displays,12.55,19.74,SUP-013
SKU-00047,Valves Std-47,Machinery Parts,Valves,2.35,3.35,SUP-011
SKU-00048,Aluminum Sheet Plus-48,Raw Materials,Aluminum Sheet,5.45,11.13,SUP-009
SKU-00049,Connectors Plus-49,Electronics,Connectors,16.47,36.43,SUP-019
SKU-00050,Synthetic Fiber Std-50,Textiles,Synthetic Fiber,6.06,8.13,SUP-004
SKU-00051,Solvents Plus-51,Chemicals,Solvents,13.56,21.5,SUP-006
SKU-00052,Solvents Lite-52,Chemicals,Solvents,11.28,22.52,SUP-006
SKU-00053,Synthetic Fiber X-53,Textiles,Synthetic Fiber,12.76,27.23,SUP-022
SKU-00054,Coatings X-54,Chemicals,Coatings,4.06,6.93,SUP-012
SKU-00055,Sensors Plus-55,Electronics,Sensors,5.01,8.04,SUP-007
SKU-00056,Gearboxes Lite-56,Machinery Parts,Gearboxes,30.04,54.05,SUP-011
SKU-00057,Solvents Std-57,Chemicals,Solvents,17.17,30.15,SUP-012
SKU-00058,Solvents Plus-58,Chemicals,Solvents,2.04,2.65,SUP-018
SKU-00059,Coatings Plus-59,Chemicals,Coatings,5.37,10.14,SUP-006
SKU-00060,Resin Pellets Pro-60,Raw Materials,Resin Pellets,3.56,7.21,SUP-003
SKU-00061,Cotton Fabric Pro-61,Textiles,Cotton Fabric,5.19,11.62,SUP-010
SKU-00062,Resin Pellets Lite-62,Raw Materials,Resin Pellets,30.77,46.86,SUP-015
SKU-00063,Motors Std-63,Machinery Parts,Motors,6.98,10.22,SUP-011
SKU-00064,Synthetic Fiber X-64,Textiles,Synthetic Fiber,6.66,9.38,SUP-022
SKU-00065,Solvents X-65,Chemicals,Solvents,47.61,79.52,SUP-012
SKU-00066,Zippers X-66,Textiles,Zippers,6.74,15.87,SUP-004
SKU-00067,Pallets X-67,Packaging,Pallets,13.93,29.3,SUP-014
SKU-00068,Sensors Pro-68,Electronics,Sensors,77.04,146.05,SUP-013
SKU-00069,Resin Pellets Std-69,Raw Materials,Resin Pellets,6.1,11.57,SUP-015
SKU-00070,Bearings Pro-70,Machinery Parts,Bearings,1.5,2.05,SUP-005
SKU-00071,Circuit Boards Lite-71,Electronics,Circuit Boards,7.24,12.25,SUP-019
SKU-00072,Steel Coil Std-72,Raw Materials,Steel Coil,8.91,12.29,SUP-003
SKU-00073,Synthetic Fiber Std-73,Textiles,Synthetic Fiber,6.58,10.2,SUP-010
SKU-00074,Resin Pellets X-74,Raw Materials,Resin Pellets,18.0,23.51,SUP-021
SKU-00075,Displays Lite-75,Electronics,Displays,10.41,13.38,SUP-001
SKU-00076,Gearboxes Lite-76,Machinery Parts,Gearboxes,9.87,22.02,SUP-005
SKU-00077,Solvents Lite-77,Chemicals,Solvents,3.62,8.62,SUP-006
SKU-00078,Steel Coil X-78,Raw Materials,Steel Coil,15.99,25.82,SUP-015
SKU-00079,Zippers X-79,Textiles,Zippers,41.0,66.21,SUP-016
SKU-00080,Adhesives Pro-80,Chemicals,Adhesives,9.53,22.78,SUP-018
SKU-00081,Wrap Film Std-81,Packaging,Wrap Film,9.39,18.45,SUP-014
SKU-00082,Displays Lite-82,Electronics,Displays,8.08,15.64,SUP-013
SKU-00083,Circuit Boards Std-83,Electronics,Circuit Boards,12.7,24.15,SUP-013
SKU-00084,Adhesives Plus-84,Chemicals,Adhesives,11.33,19.48,SUP-018
SKU-00085,Resin Pellets Plus-85,Raw Materials,Resin Pellets,5.85,13.1,SUP-009
SKU-00086,Gearboxes X-86,Machinery Parts,Gearboxes,7.6,17.07,SUP-005
SKU-00087,Valves Std-87,Machinery Parts,Valves,4.04,5.99,SUP-017
SKU-00088,Resin Pellets Lite-88,Raw Materials,Resin Pellets,10.15,16.42,SUP-003
SKU-00089,Circuit Boards X-89,Electronics,Circuit Boards,20.45,34.82,SUP-013
SKU-00090,Zippers X-90,Textiles,Zippers,2.46,5.22,SUP-010
