supplier_code,n_pos,avg_promised_days,avg_actual_days,std_actual_days,p90_actual_days,on_time_rate,avg_delay_days,po_value,freight_cost,lead_time_cv,freight_pct_of_value,avg_delay_when_late,supplier_name,supplier_region
SUP-012,452,15.77212389380531,17.504424778761063,7.688357765019284,27.0,0.3960176991150442,1.7323008849557522,1816823.14,128398.06,0.4392236741391198,0.0706717440862185,4.135531135531136,Horizon Materials Chemicals,East Asia
SUP-002,229,18.46288209606987,19.737991266375545,10.883409125494907,35.20000000000002,0.4279475982532751,1.275109170305677,503594.02,35902.47,0.5513939579067111,0.0712924867535162,6.274809160305344,Summit Supply Packaging,East Asia
SUP-014,162,15.364197530864198,16.604938271604937,8.6823573699354,28.0,0.4506172839506173,1.2407407407407407,463997.91,34618.39,0.5228780274830984,0.0746089351997296,4.808988764044944,Vanguard Supply Packaging,South Asia
SUP-023,121,19.107438016528924,20.363636363636363,9.012028998325883,32.0,0.4628099173553719,1.256198347107438,650889.9,45150.43,0.4425549954535033,0.0693672309249229,4.569230769230769,Lumen Dynamics Machinery,South Asia
SUP-013,373,14.911528150134048,15.831099195710456,9.01199309184409,28.0,0.4691689008042895,0.9195710455764076,3316338.43,252750.55,0.5692588354373997,0.0762137385357259,4.959595959595959,Prime Industrial Electronics,Latin America
SUP-008,333,16.37837837837838,17.345345345345347,9.741738125338134,31.600000000000023,0.5045045045045045,0.9669669669669668,1187303.01,90318.0,0.5616341405362878,0.0760698821103805,5.606060606060606,Nova Manufacturing Packaging,South Asia
SUP-009,338,22.071005917159763,22.83136094674556,12.415098921409417,39.0,0.5118343195266272,0.7603550295857988,4397350.25,290370.52,0.5437739322840979,0.0660330661629694,7.987878787878788,Orion Works Raw,Latin America
SUP-020,152,11.592105263157896,12.046052631578949,7.419625680736507,22.0,0.5131578947368421,0.4539473684210526,50739.5,3197.35,0.615938341601283,0.0630150080312182,5.135135135135135,Ironwood Manufacturing Packaging,Latin America
SUP-022,159,13.056603773584904,13.79874213836478,8.219134724711594,27.0,0.5157232704402516,0.7421383647798742,1411047.83,95726.14,0.5956437653733562,0.0678404643448549,5.532467532467533,Keystone Logistics Textiles,South Asia
SUP-021,303,26.607260726072607,27.48184818481848,14.262400223982684,47.0,0.5181518151815182,0.8745874587458746,2640595.9,168574.56,0.5189752933669692,0.0638395901470573,10.232876712328768,Juniper Works Raw,East Asia
SUP-011,261,23.091954022988507,23.808429118773947,11.647452916664577,40.0,0.524904214559387,0.7164750957854407,525373.9,33442.37,0.4892155151672761,0.0636544183104642,7.919354838709677,Crest Dynamics Machinery,South Asia
SUP-003,467,24.321199143468952,23.93790149892933,11.41804151252276,39.0,0.5289079229122056,-0.3832976445396145,6190391.61,357031.01,0.4769859009167304,0.0576750280908318,6.581818181818182,Pioneer Partners Raw,East Asia
SUP-004,314,19.611464968152863,20.006369426751597,8.924960021056949,31.0,0.5318471337579618,0.3949044585987261,1638566.05,117439.21,0.4461059291009044,0.0716719414514904,3.5374149659863945,Vertex Systems Textiles,East Asia
SUP-007,39,14.76923076923077,15.153846153846152,6.643312670563264,24.200000000000003,0.5384615384615384,0.3846153846153846,12586.47,930.47,0.4383911914584895,0.0739262080631026,3.4444444444444446,Atlas Trading Electronics,Latin America
SUP-016,231,15.787878787878787,15.787878787878787,9.014144937771787,28.0,0.5411255411255411,0.0,949778.8,64795.76,0.5709535181314185,0.0682219480999154,5.7075471698113205,Ember Systems Textiles,East Asia
SUP-010,303,22.90759075907591,23.102310231023104,9.847147767169494,34.80000000000001,0.5445544554455446,0.1947194719471947,442063.11,30130.31,0.426240824778908,0.0681583903257614,4.463768115942029,Titan Logistics Textiles,Latin America
SUP-019,254,17.578740157480315,17.87007874015748,8.420451434769813,28.700000000000017,0.547244094488189,0.2913385826771653,1315465.61,93005.75,0.4712039357637216,0.0707017722797025,4.191304347826087,Harbor Trading Electronics,East Asia
SUP-018,192,15.359375,15.317708333333334,7.606699923488732,26.0,0.5572916666666666,-0.0416666666666666,303222.77,20790.15,0.4965951667153473,0.0685639472259949,3.776470588235294,Granite Global Chemicals,South Asia
SUP-006,581,21.72289156626506,21.690189328743543,8.624967174267752,32.0,0.5714285714285714,-0.0327022375215146,816366.15,50945.9,0.3976437016544646,0.0624056987174198,3.5421686746987957,Meridian Global Chemicals,South Asia
SUP-005,443,4.221218961625282,4.961625282167043,3.305126838085031,10.0,0.5733634311512416,0.7404063205417607,1280965.88,97119.69,0.6661379387041259,0.0758175463658719,3.2063492063492065,Zenith Components Machinery,North America
SUP-001,496,1.995967741935484,2.3850806451612905,1.581106629959346,4.0,0.5887096774193549,0.3891129032258064,591868.75,52654.26,0.6629153748603851,0.0889627303350616,1.4558823529411764,Apex Industrial Electronics,North America
SUP-024,227,19.73568281938326,19.02202643171806,10.26957226273204,31.0,0.5947136563876652,-0.7136563876651982,231251.77,14673.68,0.5398779304400587,0.0634532656766259,6.206521739130435,Mosaic Materials Chemicals,East Asia
SUP-017,115,14.904347826086957,14.860869565217392,6.098442361556227,22.0,0.6434782608695652,-0.0434782608695652,369210.56,25900.95,0.4103691466231516,0.0701522459162598,2.8536585365853657,Falcon Components Machinery,East Asia
SUP-015,276,13.144927536231885,12.920289855072465,5.334705027821155,19.0,0.6811594202898551,-0.2246376811594203,825914.89,54102.08,0.4128936028263149,0.0655056358167849,2.5454545454545454,Cobalt Partners Raw,Latin America
