month,units_demanded,revenue,fill_rate,stockout_rate
2024-01,129110,2742046.72,0.9938347145844628,0.0064516129032258064
2024-02,116577,2269800.92,0.8819492695814783,0.11245210727969349
2024-03,125538,2558496.85,0.9102901113607035,0.07831541218637993
2024-04,118634,2365898.44,0.9063000488898629,0.08314814814814815
2024-05,118315,2328264.15,0.8923382495879644,0.10053763440860215
2024-06,116136,2327394.11,0.8882947578700834,0.11851851851851852
2024-07,125760,2487224.2,0.8739026717557252,0.11612903225806452
2024-08,132481,2493730.7600000002,0.8498124259327753,0.1388888888888889
2024-09,133945,2545713.32,0.8704393594385755,0.1425925925925926
2024-10,142016,2670293.06,0.8457849819738621,0.14121863799283155
2024-11,139794,2617178.94,0.864657996766671,0.1524074074074074
2024-12,151620,2865232.97,0.8825089038385437,0.14910394265232976
2025-01,143963,2619920.19,0.816411161201142,0.13709677419354838
2025-02,128246,2424308.33,0.8857196325811332,0.1125
2025-03,139611,2743095.5100000002,0.8885832778219481,0.1017921146953405
2025-04,132843,2565650.1,0.8582687834511415,0.12037037037037036
2025-05,131893,2540519.2800000003,0.8585065166460691,0.13028673835125448
2025-06,131865,2578224.59,0.8709741023015963,0.1437037037037037
2025-07,140978,2603718.75,0.842535714792379,0.14265232974910394
2025-08,153495,2700909.79,0.8070034854555523,0.17222222222222222
2025-09,151210,2558272.72,0.7653925004959989,0.17722222222222223
2025-10,156650,2764473.65,0.8167443345036706,0.1589605734767025
2025-11,158503,2632942.02,0.7507491971760787,0.19944444444444445
2025-12,146155,2510449.2800000003,0.7937668913140159,0.19027777777777777
