sku,category,fill_rate,stockout_rate,avg_inventory_value,inventory_turnover,days_of_inventory
SKU-00001,Textiles,0.9238675295013323,0.07967032967032966,5366.342706043955,24.058483089766955,15.171363823650598
SKU-00002,Electronics,0.831101242106724,0.16895604395604397,1314.4228296703297,61.53781003950863,5.931312793966213
SKU-00003,Packaging,0.8740050034114168,0.1282051282051282,3860.5288461538457,27.170847457627122,13.433515482695809
SKU-00004,Chemicals,0.8581632136163315,0.14560439560439561,2462.5452609890112,27.42100921947131,13.310961572516382
SKU-00005,Raw Materials,0.8956991876545223,0.10714285714285714,9347.635576923076,20.54747410930016,17.76374059694249
SKU-00006,Chemicals,0.9681472305786586,0.03021978021978022,573.2240796703296,20.62438676760687,17.697495887406323
SKU-00007,Chemicals,0.9003814224814898,0.07921245421245421,1243.8818131868134,21.80426336394897,16.739845502118115
SKU-00008,Packaging,0.8820688778752065,0.11126373626373626,3771.9198351648347,26.977297654161923,13.529894827834607
SKU-00009,Electronics,0.7926903143299455,0.19139194139194138,228.36203296703297,68.00298993861925,5.367411055447058
SKU-00010,Raw Materials,0.974511672224869,0.022664835164835164,6766.975961538462,14.640080396097849,24.931557076509414
SKU-00011,Electronics,0.8189552492768419,0.17925824175824176,55.04258241758241,65.76121134985402,5.5503843756492826
SKU-00012,Electronics,0.743620342746132,0.25961538461538464,4515.611538461538,34.74828789937912,10.50411465039467
SKU-00013,Chemicals,0.8132413198188484,0.17101648351648352,2683.2912637362638,31.651183112194452,11.531954388756299
SKU-00014,Textiles,0.6874261403923423,0.2925824175824176,679.5379945054945,41.54532513464728,8.785585353274884
SKU-00015,Raw Materials,0.942100809863411,0.057692307692307696,746.7598626373626,18.472072516655196,19.75955863484732
SKU-00016,Raw Materials,0.9507401116233923,0.047619047619047616,7674.927184065934,15.697287685367113,23.2524247064829
SKU-00017,Raw Materials,0.9229206915341557,0.08379120879120878,35459.7375,22.533641499743194,16.19800332778702
SKU-00018,Packaging,0.7622112836046951,0.24313186813186813,592.5964285714285,36.276537967808835,10.06159960258321
SKU-00019,Chemicals,0.8472282467250802,0.14972527472527472,1689.0193269230767,26.177690957560095,13.943170182265002
SKU-00020,Raw Materials,0.8395333722556979,0.16826923076923078,17366.77675824176,25.12648429130679,14.526505012334017
SKU-00021,Packaging,0.8125576492291474,0.17651098901098902,602.6620879120879,34.06390465380249,10.715154463634153
SKU-00022,Packaging,0.770915250136108,0.22527472527472528,245.8186813186813,38.9891369945685,9.361581920903953
SKU-00023,Raw Materials,0.965767762590814,0.02564102564102564,1041.7740934065935,17.136652878462264,21.299375239066684
SKU-00024,Raw Materials,0.895938919778904,0.09958791208791208,72064.48384615385,19.792408917231594,18.441413651383538
SKU-00025,Packaging,0.8466400855781386,0.13736263736263737,3677.404615384615,26.101409515047965,13.98391913622789
SKU-00026,Machinery Parts,0.9230527391338521,0.0673076923076923,1561.9684065934066,32.04233880010166,11.391178474114442
SKU-00027,Raw Materials,0.9205371248025277,0.07005494505494506,482.9801373626374,18.267712815755793,19.98060751673245
SKU-00028,Raw Materials,0.9642857142857143,0.03708791208791209,826.1457417582417,18.88959072989044,19.322811447811446
SKU-00029,Chemicals,0.8755805344282157,0.12637362637362637,16608.3046978022,30.379446969078955,12.014701925663989
SKU-00030,Electronics,0.7938845753622028,0.19230769230769232,3347.4417994505498,35.072646771021375,10.406970491362506
SKU-00031,Machinery Parts,0.8483535048605534,0.152014652014652,11434.248543956044,29.09246856045526,12.54620243866608
SKU-00032,Chemicals,0.8824159635730547,0.10714285714285714,167.7032967032967,29.5481742677413,12.35270906055547
SKU-00033,Chemicals,0.8237544069713297,0.15247252747252749,1943.7071428571428,28.237505466358467,12.926070981548028
SKU-00034,Packaging,0.7823427944174377,0.18406593406593408,1260.368489010989,33.69885448859115,10.831228703146923
SKU-00035,Chemicals,0.9659136479080337,0.03021978021978022,1644.807032967033,16.916312839129265,21.576805978411294
SKU-00036,Electronics,0.6293666571996592,0.3392857142857143,66.12763736263736,47.212234415129586,7.731046931407943
SKU-00037,Raw Materials,0.8123037642756098,0.17032967032967034,46329.08046703296,22.785199634441028,16.01917059564768
SKU-00038,Electronics,0.9428206964461552,0.06868131868131869,6366.501346153846,43.39598440496298,8.410916470839563
SKU-00039,Chemicals,0.922224461011485,0.06547619047619048,370.9259340659341,21.529524717768954,16.953462967008956
SKU-00040,Machinery Parts,0.9190595297648825,0.08287545787545787,1561.418269230769,36.870470765475005,9.899521010232963
SKU-00041,Textiles,0.8774731237403841,0.1311813186813187,24239.050906593402,27.22935271534683,13.404652097891447
SKU-00042,Textiles,0.7607254290171607,0.2239010989010989,483.5371153846154,35.676004109142845,10.230966418866958
SKU-00043,Packaging,0.7620882832055306,0.22252747252747251,13262.404945054945,37.41624045362963,9.755122256399563
SKU-00044,Chemicals,0.83257700770077,0.15521978021978022,5729.464505494506,24.911986517563243,14.651581468329342
SKU-00045,Textiles,0.8533605569688044,0.1462912087912088,3959.8703571428573,27.696368035858317,13.17862325946264
SKU-00046,Electronics,0.7265313204927989,0.2699175824175824,2963.7307692307695,35.55735225686366,10.265106281347027
SKU-00047,Machinery Parts,0.9157981999052581,0.0782967032967033,480.99141483516485,18.942619375188748,19.268718479244797
SKU-00048,Raw Materials,0.8182095006090134,0.17902930402930403,284.7849587912088,25.781525196498514,14.157424637141792
SKU-00049,Electronics,0.6528961396122636,0.32623626373626374,13695.144354395605,46.37907679397105,7.8699281061896285
SKU-00050,Textiles,0.8849251419721218,0.1043956043956044,2041.3459615384613,25.512537158842072,14.306691558252144
SKU-00051,Chemicals,0.9559716078592737,0.050824175824175824,2778.1981318681324,22.741227188007024,16.05014527063381
SKU-00052,Chemicals,0.9719945355191257,0.026785714285714284,3540.633956043956,15.910817517034337,22.940367432988655
SKU-00053,Textiles,0.7225339564544616,0.26053113553113555,21814.1139010989,40.67162716028949,8.97431515492389
SKU-00054,Chemicals,0.9387766100781461,0.06456043956043957,1631.4005769230769,21.7345236508083,16.793558757678397
SKU-00055,Electronics,0.7870095614902737,0.20192307692307693,171.07635989010987,35.04786998672513,10.414327607875995
SKU-00056,Machinery Parts,0.8802487249353734,0.09432234432234432,10631.230274725274,17.84900307016352,20.449321374712277
SKU-00057,Chemicals,0.7911893232549899,0.16071428571428573,2009.5975549450552,28.69674670797831,12.719211822660098
SKU-00058,Chemicals,0.7874350150106173,0.19230769230769232,328.6978021978022,33.46300085251492,10.907569276548262
SKU-00059,Chemicals,0.8479695715404407,0.1433150183150183,704.3920467032967,28.972804289319633,12.59802110817942
SKU-00060,Raw Materials,0.8984395662523142,0.09409340659340659,317.02582417582414,19.12548202992442,19.08448631145128
SKU-00061,Textiles,0.8233671141295696,0.17582417582417584,1238.8273351648352,32.59521206192094,11.197963655110195
SKU-00062,Raw Materials,0.8518107908351811,0.13232600732600733,1029.6538049450548,34.5357333442798,10.56876355748373
SKU-00063,Machinery Parts,0.8798005579628421,0.11034798534798534,4789.027857142858,21.662388935826026,16.849480501956553
SKU-00064,Textiles,0.7777722550822606,0.17857142857142858,3208.2811813186813,32.572577310768615,11.205745143149285
SKU-00065,Chemicals,0.9486850545221296,0.050824175824175824,3334.3349587912085,21.1762283024419,17.23630831643002
SKU-00066,Textiles,0.8153627888123227,0.15934065934065933,1417.4368131868132,28.77325277596342,12.685392327450492
SKU-00067,Packaging,0.9211638334247282,0.08104395604395605,8172.949134615385,24.403177962629552,14.95706831950135
SKU-00068,Electronics,0.877293304741482,0.12042124542124542,35146.74857142857,28.325294167238745,12.886009156514318
SKU-00069,Raw Materials,0.833421534703847,0.15796703296703296,6105.882142857142,30.764201278437554,11.864439342874354
SKU-00070,Machinery Parts,0.9440825190010858,0.052884615384615384,132.96222527472528,29.508375819373633,12.36936936936937
SKU-00071,Electronics,0.9227403645318031,0.07692307692307693,6186.4308241758245,24.62569587226976,14.821916176225308
SKU-00072,Raw Materials,0.908908507223114,0.09684065934065934,874.7343543956044,23.13455807250493,15.777262693156734
SKU-00073,Textiles,0.8407302318111248,0.15453296703296704,5652.879807692308,27.494711596114644,13.275280183392768
SKU-00074,Raw Materials,0.9321805524365596,0.060897435897435896,2229.8983516483513,16.799705057269897,21.72657191038304
SKU-00075,Electronics,0.9111776447105788,0.08379120879120878,334.95032967032967,42.67994364754098,8.552026286966045
SKU-00076,Machinery Parts,0.9006428067224367,0.10256410256410256,15333.099230769229,38.70745619619577,9.429707758369116
SKU-00077,Chemicals,0.9314251639833036,0.06547619047619048,4317.123489010989,20.357212377403695,17.929763330717442
SKU-00078,Raw Materials,0.9107231098665788,0.09615384615384616,5695.8664285714285,31.128395366414214,11.725628504250317
SKU-00079,Textiles,0.9247224916478068,0.07760989010989011,15693.031593406595,22.47921204965422,16.23722393799895
SKU-00080,Chemicals,0.83962762128701,0.13736263736263737,2893.0357142857138,28.897760180995473,12.630736697719607
SKU-00081,Packaging,0.7958216032004741,0.20238095238095238,1439.649519230769,35.12816377727008,10.39052318004096
SKU-00082,Electronics,0.8464547677261614,0.14560439560439561,3472.5464835164835,32.310362351497254,11.296685441941074
SKU-00083,Electronics,0.7651219512195122,0.20054945054945056,1755.6877747252745,34.131367931558714,10.693975135479755
SKU-00084,Chemicals,0.9425056490082853,0.05425824175824176,1968.011662087912,21.671451052960386,16.842434736281298
SKU-00085,Raw Materials,0.9328859060402684,0.07005494505494506,3677.1991071428565,19.402292797094454,18.81220966084275
SKU-00086,Machinery Parts,0.9306273062730628,0.06456043956043957,254.81923076923076,37.71272891146709,9.678429817605075
SKU-00087,Machinery Parts,0.8259384435780841,0.17765567765567766,6675.90021978022,34.77498038211647,10.496051931281793
SKU-00088,Raw Materials,0.9226738214878996,0.07371794871794872,159088.45096153847,17.12756525096836,21.310676365945447
SKU-00089,Electronics,0.7876169392273085,0.2239010989010989,3257.4490384615387,34.714691019471886,10.514280533139903
SKU-00090,Textiles,0.9357111404667547,0.07051282051282051,768.2025824175824,20.470620837695414,17.83043137254902
