warehouse_code,month,stockout_days,cumulative_stockout_days
WH-APAC,2024-01,6,6
WH-APAC,2024-02,78,84
WH-APAC,2024-03,71,155
WH-APAC,2024-04,51,206
WH-APAC,2024-05,105,311
WH-APAC,2024-06,102,413
WH-APAC,2024-07,132,545
WH-APAC,2024-08,108,653
WH-APAC,2024-09,123,776
WH-APAC,2024-10,145,921
WH-APAC,2024-11,136,1057
WH-APAC,2024-12,142,1199
WH-APAC,2025-01,99,1298
WH-APAC,2025-02,100,1398
WH-APAC,2025-03,67,1465
WH-APAC,2025-04,80,1545
WH-APAC,2025-05,119,1664
WH-APAC,2025-06,125,1789
WH-APAC,2025-07,88,1877
WH-APAC,2025-08,127,2004
WH-APAC,2025-09,147,2151
WH-APAC,2025-10,80,2231
WH-APAC,2025-11,132,2363
WH-APAC,2025-12,157,2520
WH-EAST,2024-01,7,7
WH-EAST,2024-02,128,135
WH-EAST,2024-03,121,256
WH-EAST,2024-04,88,344
WH-EAST,2024-05,108,452
WH-EAST,2024-06,139,591
WH-EAST,2024-07,115,706
WH-EAST,2024-08,192,898
WH-EAST,2024-09,139,1037
WH-EAST,2024-10,140,1177
WH-EAST,2024-11,139,1316
WH-EAST,2024-12,128,1444
WH-EAST,2025-01,178,1622
WH-EAST,2025-02,100,1722
WH-EAST,2025-03,150,1872
WH-EAST,2025-04,129,2001
WH-EAST,2025-05,201,2202
WH-EAST,2025-06,151,2353
WH-EAST,2025-07,163,2516
WH-EAST,2025-08,224,2740
WH-EAST,2025-09,176,2916
WH-EAST,2025-10,162,3078
WH-EAST,2025-11,219,3297
WH-EAST,2025-12,178,3475
WH-EU,2024-01,19,19
WH-EU,2024-02,121,140
WH-EU,2024-03,67,207
WH-EU,2024-04,103,310
WH-EU,2024-05,51,361
WH-EU,2024-06,136,497
WH-EU,2024-07,126,623
WH-EU,2024-08,162,785
WH-EU,2024-09,195,980
WH-EU,2024-10,157,1137
WH-EU,2024-11,182,1319
WH-EU,2024-12,193,1512
WH-EU,2025-01,166,1678
WH-EU,2025-02,132,1810
WH-EU,2025-03,125,1935
WH-EU,2025-04,140,2075
WH-EU,2025-05,104,2179
WH-EU,2025-06,132,2311
WH-EU,2025-07,182,2493
WH-EU,2025-08,196,2689
WH-EU,2025-09,219,2908
WH-EU,2025-10,184,3092
WH-EU,2025-11,268,3360
WH-EU,2025-12,252,3612
WH-SOUTH,2024-01,4,4
WH-SOUTH,2024-02,135,139
WH-SOUTH,2024-03,102,241
WH-SOUTH,2024-04,88,329
WH-SOUTH,2024-05,111,440
WH-SOUTH,2024-06,126,566
WH-SOUTH,2024-07,132,698
WH-SOUTH,2024-08,123,821
WH-SOUTH,2024-09,138,959
WH-SOUTH,2024-10,176,1135
WH-SOUTH,2024-11,165,1300
WH-SOUTH,2024-12,186,1486
WH-SOUTH,2025-01,163,1649
WH-SOUTH,2025-02,102,1751
WH-SOUTH,2025-03,107,1858
WH-SOUTH,2025-04,143,2001
WH-SOUTH,2025-05,134,2135
WH-SOUTH,2025-06,156,2291
WH-SOUTH,2025-07,173,2464
WH-SOUTH,2025-08,197,2661
WH-SOUTH,2025-09,174,2835
WH-SOUTH,2025-10,258,3093
WH-SOUTH,2025-11,227,3320
WH-SOUTH,2025-12,175,3495
WH-WEST,2024-01,0,0
WH-WEST,2024-02,125,125
WH-WEST,2024-03,76,201
WH-WEST,2024-04,119,320
WH-WEST,2024-05,186,506
WH-WEST,2024-06,137,643
WH-WEST,2024-07,143,786
WH-WEST,2024-08,190,976
WH-WEST,2024-09,175,1151
WH-WEST,2024-10,170,1321
WH-WEST,2024-11,201,1522
WH-WEST,2024-12,183,1705
WH-WEST,2025-01,159,1864
WH-WEST,2025-02,133,1997
WH-WEST,2025-03,119,2116
WH-WEST,2025-04,158,2274
WH-WEST,2025-05,169,2443
WH-WEST,2025-06,212,2655
WH-WEST,2025-07,190,2845
WH-WEST,2025-08,217,3062
WH-WEST,2025-09,241,3303
WH-WEST,2025-10,203,3506
WH-WEST,2025-11,231,3737
WH-WEST,2025-12,197,3934
