sku,units_2024,units_2025,yoy_growth_pct,growth_rank
SKU-00033,12910,17156,32.9,1
SKU-00037,37643,49306,31.0,2
SKU-00080,9118,11721,28.5,3
SKU-00087,61128,77639,27.0,4
SKU-00013,8173,10375,26.9,5
SKU-00011,2598,3279,26.2,6
SKU-00053,84851,107086,26.2,7
SKU-00031,31978,40236,25.8,8
SKU-00058,6063,7594,25.3,9
SKU-00069,32779,40916,24.8,10
SKU-00076,59250,73916,24.8,11
SKU-00024,54298,67640,24.6,12
SKU-00036,1579,1942,23.0,13
SKU-00049,52915,64897,22.6,14
SKU-00029,26717,32711,22.4,15
SKU-00059,4019,4920,22.4,16
SKU-00064,18144,22094,21.8,17
SKU-00012,32522,39543,21.6,18
SKU-00020,41105,49674,20.8,19
SKU-00014,15328,18520,20.8,20
SKU-00062,1227,1479,20.5,21
SKU-00002,19640,23593,20.1,22
SKU-00057,3854,4613,19.7,23
SKU-00060,1722,2059,19.6,24
SKU-00007,2038,2419,18.7,25
SKU-00089,6404,7599,18.7,26
SKU-00061,8647,10200,18.0,27
SKU-00063,15499,18195,17.4,28
SKU-00019,5308,6219,17.2,29
SKU-00056,6602,7711,16.8,30
SKU-00018,3665,4258,16.2,31
SKU-00040,4626,5369,16.1,32
SKU-00009,6907,7950,15.1,33
SKU-00081,6281,7217,14.9,34
SKU-00086,1262,1448,14.7,35
SKU-00043,11724,13445,14.7,36
SKU-00045,13998,15878,13.4,37
SKU-00026,5985,6738,12.6,38
SKU-00004,9321,10420,11.8,39
SKU-00072,2377,2607,9.7,40
SKU-00047,4052,4392,8.4,41
SKU-00073,26928,29109,8.1,42
SKU-00044,7004,7540,7.7,43
SKU-00051,4683,5038,7.6,44
SKU-00048,1585,1699,7.2,45
SKU-00027,3062,3268,6.7,46
SKU-00042,2481,2647,6.7,47
SKU-00078,11804,12480,5.7,48
SKU-00050,9419,9951,5.6,49
SKU-00055,1475,1558,5.6,50
SKU-00015,4024,4249,5.6,51
SKU-00088,282836,297472,5.2,52
SKU-00032,3647,3820,4.7,53
SKU-00046,11260,11792,4.7,54
SKU-00085,12738,13337,4.7,55
SKU-00066,7269,7533,3.6,56
SKU-00017,19830,20544,3.6,57
SKU-00068,14462,14917,3.1,58
SKU-00039,4888,5038,3.1,59
SKU-00006,2810,2841,1.1,60
SKU-00005,18312,18495,1.0,61
SKU-00030,18683,18796,0.6,62
SKU-00084,3992,3974,-0.5,63
SKU-00082,16443,16277,-1.0,64
SKU-00083,6206,6094,-1.8,65
SKU-00003,2224,2173,-2.3,66
SKU-00077,26351,25636,-2.7,67
SKU-00071,23329,22154,-5.0,68
SKU-00067,15940,15061,-5.5,69
SKU-00090,7015,6611,-5.8,70
SKU-00022,8523,8008,-6.0,71
SKU-00075,1552,1454,-6.3,72
SKU-00041,96666,90395,-6.5,73
SKU-00023,8475,7767,-8.4,74
SKU-00054,9721,8834,-9.1,75
SKU-00079,9741,8817,-9.5,76
SKU-00028,1295,1169,-9.7,77
SKU-00008,4160,3709,-10.8,78
SKU-00074,2361,2092,-11.4,79
SKU-00021,8055,7123,-11.6,80
SKU-00001,14006,12264,-12.4,81
SKU-00052,5494,4754,-13.5,82
SKU-00010,6758,5836,-13.6,83
SKU-00038,48010,41358,-13.9,84
SKU-00065,1679,1439,-14.3,85
SKU-00070,2993,2533,-15.4,86
SKU-00034,3472,2905,-16.3,87
SKU-00025,5624,4659,-17.2,88
SKU-00016,2257,1864,-17.4,89
SKU-00035,4127,3354,-18.7,90
