week_start,units,prev_week_units,wow_growth_pct,moving_avg_4w
2024-01-01,28669,,,28669.0
2024-01-08,28026,28669.0,-2.24,28347.5
2024-01-15,28153,28026.0,0.45,28282.7
2024-01-22,29068,28153.0,3.25,28479.0
2024-01-29,30124,29068.0,3.63,28842.8
2024-02-05,28332,30124.0,-5.95,28919.3
2024-02-12,28179,28332.0,-0.54,28925.8
2024-02-19,27865,28179.0,-1.11,28625.0
2024-02-26,29123,27865.0,4.51,28374.8
2024-03-04,27438,29123.0,-5.79,28151.3
2024-03-11,29397,27438.0,7.14,28455.8
2024-03-18,29445,29397.0,0.16,28850.8
2024-03-25,27406,29445.0,-6.92,28421.5
2024-04-01,27484,27406.0,0.28,28433.0
2024-04-08,28131,27484.0,2.35,28116.5
2024-04-15,27364,28131.0,-2.73,27596.3
2024-04-22,27246,27364.0,-0.43,27556.3
2024-04-29,27128,27246.0,-0.43,27467.3
2024-05-06,26368,27128.0,-2.8,27026.5
2024-05-13,26439,26368.0,0.27,26795.3
2024-05-20,26794,26439.0,1.34,26682.3
2024-05-27,27335,26794.0,2.02,26734.0
2024-06-03,27201,27335.0,-0.49,26942.3
2024-06-10,27347,27201.0,0.54,27169.3
2024-06-17,27096,27347.0,-0.92,27244.8
2024-06-24,27152,27096.0,0.21,27199.0
2024-07-01,27769,27152.0,2.27,27341.0
2024-07-08,27797,27769.0,0.1,27453.5
2024-07-15,28873,27797.0,3.87,27897.8
2024-07-22,28223,28873.0,-2.25,28165.5
2024-07-29,29027,28223.0,2.85,28480.0
2024-08-05,29618,29027.0,2.04,28935.3
2024-08-12,30238,29618.0,2.09,29276.5
2024-08-19,30440,30238.0,0.67,29830.8
2024-08-26,30584,30440.0,0.47,30220.0
2024-09-02,30132,30584.0,-1.48,30348.5
2024-09-09,29988,30132.0,-0.48,30286.0
2024-09-16,32908,29988.0,9.74,30903.0
2024-09-23,31545,32908.0,-4.14,31143.3
2024-09-30,30673,31545.0,-2.76,31278.5
2024-10-07,31881,30673.0,3.94,31751.8
2024-10-14,33042,31881.0,3.64,31785.3
2024-10-21,32350,33042.0,-2.09,31986.5
2024-10-28,31869,32350.0,-1.49,32285.5
2024-11-04,33957,31869.0,6.55,32804.5
2024-11-11,32563,33957.0,-4.11,32684.8
2024-11-18,32670,32563.0,0.33,32764.8
2024-11-25,32811,32670.0,0.43,33000.3
2024-12-02,32489,32811.0,-0.98,32633.3
2024-12-09,33829,32489.0,4.12,32949.8
2024-12-16,35995,33829.0,6.4,33781.0
2024-12-23,34631,35995.0,-3.79,34236.0
2024-12-30,32472,34631.0,-6.23,34231.8
2025-01-06,32661,32472.0,0.58,33939.8
2025-01-13,32089,32661.0,-1.75,32963.3
2025-01-20,32912,32089.0,2.56,32533.5
2025-01-27,32150,32912.0,-2.32,32453.0
2025-02-03,32214,32150.0,0.2,32341.3
2025-02-10,32541,32214.0,1.02,32454.3
2025-02-17,31692,32541.0,-2.61,32149.3
2025-02-24,31397,31692.0,-0.93,31961.0
2025-03-03,30667,31397.0,-2.33,31574.3
2025-03-10,32683,30667.0,6.57,31609.8
2025-03-17,30940,32683.0,-5.33,31421.8
2025-03-24,31779,30940.0,2.71,31517.3
2025-03-31,30383,31779.0,-4.39,31446.3
2025-04-07,32071,30383.0,5.56,31293.3
2025-04-14,32082,32071.0,0.03,31578.8
2025-04-21,29554,32082.0,-7.88,31022.5
2025-04-28,30291,29554.0,2.49,30999.5
2025-05-05,30600,30291.0,1.02,30631.8
2025-05-12,29781,30600.0,-2.68,30056.5
2025-05-19,30299,29781.0,1.74,30242.8
2025-05-26,29185,30299.0,-3.68,29966.3
2025-06-02,30649,29185.0,5.02,29978.5
2025-06-09,30382,30649.0,-0.87,30128.8
2025-06-16,31103,30382.0,2.37,30329.8
2025-06-23,30711,31103.0,-1.26,30711.3
2025-06-30,30575,30711.0,-0.44,30692.8
2025-07-07,33462,30575.0,9.44,31462.8
2025-07-14,31816,33462.0,-4.92,31641.0
2025-07-21,31708,31816.0,-0.34,31890.3
2025-07-28,31833,31708.0,0.39,32204.8
2025-08-04,34061,31833.0,7.0,32354.5
2025-08-11,34439,34061.0,1.11,33010.3
2025-08-18,36911,34439.0,7.18,34311.0
2025-08-25,34515,36911.0,-6.49,34981.5
2025-09-01,33834,34515.0,-1.97,34924.8
2025-09-08,36754,33834.0,8.63,35503.5
2025-09-15,34546,36754.0,-6.01,34912.3
2025-09-22,34655,34546.0,0.32,34947.3
2025-09-29,35160,34655.0,1.46,35278.8
2025-10-06,34928,35160.0,-0.66,34822.3
2025-10-13,35086,34928.0,0.45,34957.3
2025-10-20,36056,35086.0,2.76,35307.5
2025-10-27,36669,36056.0,1.7,35684.8
2025-11-03,36310,36669.0,-0.98,36030.3
2025-11-10,37057,36310.0,2.06,36523.0
2025-11-17,37852,37057.0,2.15,36972.0
2025-11-24,37456,37852.0,-1.05,37168.8
2025-12-01,35985,37456.0,-3.93,37087.5
2025-12-08,37463,35985.0,4.11,37189.0
2025-12-15,37118,37463.0,-0.92,37005.5
2025-12-22,35589,37118.0,-4.12,36538.8
