category,sku,revenue,rank_in_category,pct_of_category
Chemicals,SKU-00029,2034009.0600000003,1,35.4
Chemicals,SKU-00044,497074.44999999995,2,8.7
Chemicals,SKU-00077,417397.63999999996,3,7.3
Electronics,SKU-00068,3764292.7,1,34.4
Electronics,SKU-00049,2802159.17,2,25.6
Electronics,SKU-00038,1138325.58,3,10.4
Machinery Parts,SKU-00076,2640968.6999999997,1,43.9
Machinery Parts,SKU-00031,1116211.8599999999,2,18.6
Machinery Parts,SKU-00087,686531.87,3,11.4
Packaging,SKU-00043,1888753.07,1,40.9
Packaging,SKU-00067,836720.1,2,18.1
Packaging,SKU-00003,487138.68000000005,3,10.5
Raw Materials,SKU-00088,8791842.700000001,1,36.0
Raw Materials,SKU-00024,5308408.91,2,21.7
Raw Materials,SKU-00037,3120389.22,3,12.8
Textiles,SKU-00053,3776283.63,1,38.7
Textiles,SKU-00041,2363630.4,2,24.2
Textiles,SKU-00079,1136229.8099999998,3,11.7
