sku,category,revenue,revenue_pct,cumulative_pct,abc_class
SKU-00088,Raw Materials,8791842.7,14.29,14.29,A
SKU-00024,Raw Materials,5308408.91,8.63,22.92,A
SKU-00053,Textiles,3776283.63,6.14,29.06,A
SKU-00068,Electronics,3764292.7,6.12,35.18,A
SKU-00037,Raw Materials,3120389.22,5.07,40.25,A
SKU-00049,Electronics,2802159.17,4.56,44.81,A
SKU-00076,Machinery Parts,2640968.7,4.29,49.1,A
SKU-00041,Textiles,2363630.4,3.84,52.94,A
SKU-00017,Raw Materials,2255841.48,3.67,56.61,A
SKU-00029,Chemicals,2034009.06,3.31,59.92,A
SKU-00043,Packaging,1888753.07,3.07,62.99,A
SKU-00020,Raw Materials,1189669.32,1.93,64.92,A
SKU-00038,Electronics,1138325.58,1.85,66.77,A
SKU-00079,Textiles,1136229.81,1.85,68.62,A
SKU-00031,Machinery Parts,1116211.86,1.81,70.43,A
SKU-00067,Packaging,836720.1,1.36,71.79,A
SKU-00005,Raw Materials,817276.72,1.33,73.12,A
SKU-00069,Raw Materials,710617.83,1.16,74.28,A
SKU-00087,Machinery Parts,686531.87,1.12,75.39,A
SKU-00056,Machinery Parts,680975.95,1.11,76.5,A
SKU-00078,Raw Materials,571035.12,0.93,77.43,A
SKU-00071,Electronics,514120.25,0.84,78.27,A
SKU-00012,Electronics,499449.48,0.81,79.08,A
SKU-00044,Chemicals,497074.45,0.81,79.89,A
SKU-00003,Packaging,487138.68,0.79,80.68,A
SKU-00073,Textiles,480542.4,0.78,81.46,B
SKU-00045,Textiles,474461.95,0.77,82.23,B
SKU-00010,Raw Materials,467969.49,0.76,82.99,B
SKU-00001,Textiles,467925.6,0.76,83.75,B
SKU-00008,Packaging,433812.5,0.71,84.46,B
SKU-00082,Electronics,433165.44,0.7,85.16,B
SKU-00077,Chemicals,417397.64,0.68,85.84,B
SKU-00080,Chemicals,398581.66,0.65,86.49,B
SKU-00025,Packaging,392292.36,0.64,87.13,B
SKU-00089,Electronics,384029.78,0.62,87.75,B
SKU-00002,Electronics,376556.88,0.61,88.36,B
SKU-00016,Raw Materials,365784.48,0.59,88.96,B
SKU-00030,Electronics,332352.18,0.54,89.5,B
SKU-00046,Electronics,330605.52,0.54,90.03,B
SKU-00085,Raw Materials,318657.5,0.52,90.55,B
SKU-00063,Machinery Parts,302961.68,0.49,91.04,B
SKU-00004,Chemicals,296298.09,0.48,91.53,B
SKU-00064,Textiles,293556.48,0.48,92.0,B
SKU-00040,Machinery Parts,268414.92,0.44,92.44,B
SKU-00033,Chemicals,252128.06,0.41,92.85,B
SKU-00065,Chemicals,235220.16,0.38,93.23,B
SKU-00026,Machinery Parts,234762.56,0.38,93.61,B
SKU-00013,Chemicals,232293.6,0.38,93.99,B
SKU-00083,Electronics,227275.65,0.37,94.36,B
SKU-00052,Chemicals,224321.72,0.36,94.73,B
SKU-00034,Packaging,203152.08,0.33,95.06,B
SKU-00057,Chemicals,201974.85,0.33,95.38,C
SKU-00051,Chemicals,199799.5,0.32,95.71,C
SKU-00081,Packaging,198189.9,0.32,96.03,C
SKU-00066,Textiles,191535.03,0.31,96.34,C
SKU-00061,Textiles,180319.16,0.29,96.64,C
SKU-00084,Chemicals,146255.84,0.24,96.87,C
SKU-00050,Textiles,139356.33,0.23,97.1,C
SKU-00014,Textiles,120993.6,0.2,97.3,C
SKU-00054,Chemicals,120713.67,0.2,97.49,C
SKU-00019,Chemicals,114555.18,0.19,97.68,C
SKU-00062,Raw Materials,108012.3,0.18,97.85,C
SKU-00074,Raw Materials,97590.01,0.16,98.01,C
SKU-00007,Chemicals,94706.8,0.15,98.17,C
SKU-00021,Packaging,87934.29,0.14,98.31,C
SKU-00035,Chemicals,82015.1,0.13,98.44,C
SKU-00059,Chemicals,76861.2,0.12,98.57,C
SKU-00009,Electronics,68424.37,0.11,98.68,C
SKU-00090,Textiles,66555.0,0.11,98.79,C
SKU-00018,Packaging,62201.7,0.1,98.89,C
SKU-00042,Textiles,59295.2,0.1,98.99,C
SKU-00023,Raw Materials,57881.34,0.09,99.08,C
SKU-00028,Raw Materials,56525.04,0.09,99.17,C
SKU-00072,Raw Materials,55673.7,0.09,99.26,C
SKU-00015,Raw Materials,52531.56,0.09,99.35,C
SKU-00006,Chemicals,51372.69,0.08,99.43,C
SKU-00086,Machinery Parts,43050.54,0.07,99.5,C
SKU-00075,Electronics,36647.82,0.06,99.56,C
SKU-00027,Raw Materials,34437.57,0.06,99.62,C
SKU-00022,Packaging,32369.76,0.05,99.67,C
SKU-00048,Raw Materials,29906.31,0.05,99.72,C
SKU-00058,Chemicals,28498.1,0.05,99.76,C
SKU-00047,Machinery Parts,25905.55,0.04,99.81,C
SKU-00060,Raw Materials,24492.37,0.04,99.85,C
SKU-00039,Chemicals,21511.9,0.03,99.88,C
SKU-00055,Electronics,19191.48,0.03,99.91,C
SKU-00032,Chemicals,19042.21,0.03,99.94,C
SKU-00011,Electronics,14775.91,0.02,99.97,C
SKU-00070,Machinery Parts,10694.85,0.02,99.98,C
SKU-00036,Electronics,9484.48,0.02,100.0,C
