sku,category,lost_units,lost_revenue,stockout_day_pct,fill_rate_pct
SKU-00049,Electronics,40893,1489732.0,32.6,65.3
SKU-00053,Textiles,53256,1450161.0,26.1,72.3
SKU-00088,Raw Materials,44873,736815.0,7.4,92.3
SKU-00037,Raw Materials,16320,721018.0,17.0,81.2
SKU-00024,Raw Materials,12689,616559.0,10.0,89.6
SKU-00043,Packaging,5988,589638.0,22.3,76.2
SKU-00068,Electronics,3605,526510.0,12.0,87.7
SKU-00041,Textiles,22920,330048.0,13.1,87.7
SKU-00076,Machinery Parts,13231,291347.0,10.3,90.1
SKU-00029,Chemicals,7394,289031.0,12.6,87.6
SKU-00020,Raw Materials,14567,227391.0,16.8,84.0
SKU-00031,Machinery Parts,10951,199527.0,15.2,84.8
SKU-00017,Raw Materials,3112,188400.0,8.4,92.3
SKU-00012,Electronics,18476,172196.0,26.0,74.4
SKU-00087,Machinery Parts,24154,144682.0,17.8,82.6
