sku,warehouse_code,streak_start,streak_end,streak_days
SKU-00036,WH-WEST,2025-11-23,2025-12-24,32
SKU-00063,WH-SOUTH,2025-05-24,2025-06-21,29
SKU-00053,WH-EU,2024-10-17,2024-11-13,28
SKU-00063,WH-EAST,2025-05-13,2025-06-09,28
SKU-00048,WH-APAC,2024-12-01,2024-12-27,27
SKU-00012,WH-EU,2024-12-25,2025-01-19,26
SKU-00089,WH-EAST,2025-04-30,2025-05-25,26
SKU-00014,WH-EAST,2025-08-04,2025-08-28,25
SKU-00018,WH-WEST,2025-02-21,2025-03-17,25
SKU-00033,WH-SOUTH,2024-11-12,2024-12-06,25
SKU-00046,WH-SOUTH,2024-12-20,2025-01-13,25
SKU-00049,WH-EU,2025-08-19,2025-09-12,25
SKU-00066,WH-APAC,2024-08-17,2024-09-10,25
SKU-00088,WH-EAST,2024-02-15,2024-03-10,25
SKU-00018,WH-SOUTH,2025-09-30,2025-10-23,24
SKU-00030,WH-WEST,2024-06-20,2024-07-13,24
SKU-00049,WH-EU,2025-09-25,2025-10-18,24
SKU-00068,WH-EAST,2024-08-27,2024-09-19,24
SKU-00014,WH-EU,2025-12-06,2025-12-28,23
SKU-00018,WH-WEST,2025-08-30,2025-09-21,23
