supplier_code,supplier_name,region,n_pos,avg_promised_days,avg_actual_days,on_time_pct,avg_delay_when_late,on_time_rank
SUP-015,Cobalt Partners Raw,Latin America,276,13.1,12.9,68.1,2.5,1
SUP-017,Falcon Components Machinery,East Asia,115,14.9,14.9,64.3,2.9,2
SUP-024,Mosaic Materials Chemicals,East Asia,227,19.7,19.0,59.5,6.2,3
SUP-001,Apex Industrial Electronics,North America,496,2.0,2.4,58.9,1.5,4
SUP-005,Zenith Components Machinery,North America,443,4.2,5.0,57.3,3.2,5
SUP-006,Meridian Global Chemicals,South Asia,581,21.7,21.7,57.1,3.5,6
SUP-018,Granite Global Chemicals,South Asia,192,15.4,15.3,55.7,3.8,7
SUP-019,Harbor Trading Electronics,East Asia,254,17.6,17.9,54.7,4.2,8
SUP-010,Titan Logistics Textiles,Latin America,303,22.9,23.1,54.5,4.5,9
SUP-016,Ember Systems Textiles,East Asia,231,15.8,15.8,54.1,5.7,10
SUP-007,Atlas Trading Electronics,Latin America,39,14.8,15.2,53.8,3.4,11
SUP-004,Vertex Systems Textiles,East Asia,314,19.6,20.0,53.2,3.5,12
SUP-003,Pioneer Partners Raw,East Asia,467,24.3,23.9,52.9,6.6,13
SUP-011,Crest Dynamics Machinery,South Asia,261,23.1,23.8,52.5,7.9,14
SUP-021,Juniper Works Raw,East Asia,303,26.6,27.5,51.8,10.2,15
SUP-022,Keystone Logistics Textiles,South Asia,159,13.1,13.8,51.6,5.5,16
SUP-020,Ironwood Manufacturing Packaging,Latin America,152,11.6,12.0,51.3,5.1,17
SUP-009,Orion Works Raw,Latin America,338,22.1,22.8,51.2,8.0,18
SUP-008,Nova Manufacturing Packaging,South Asia,333,16.4,17.3,50.5,5.6,19
SUP-013,Prime Industrial Electronics,Latin America,373,14.9,15.8,46.9,5.0,20
SUP-023,Lumen Dynamics Machinery,South Asia,121,19.1,20.4,46.3,4.6,21
SUP-014,Vanguard Supply Packaging,South Asia,162,15.4,16.6,45.1,4.8,22
SUP-002,Summit Supply Packaging,East Asia,229,18.5,19.7,42.8,6.3,23
SUP-012,Horizon Materials Chemicals,East Asia,452,15.8,17.5,39.6,4.1,24
