sku,warehouse_code,reorder_point_units,safety_stock_units,order_up_to_units,review_period_days,policy_set_date
SKU-00001,WH-EU,728,72,1211,7,2024-03-31
SKU-00002,WH-WEST,84,23,322,7,2024-03-31
SKU-00002,WH-SOUTH,111,31,424,7,2024-03-31
SKU-00003,WH-WEST,59,9,90,7,2024-03-31
SKU-00003,WH-APAC,44,7,67,7,2024-03-31
SKU-00003,WH-EAST,38,5,58,7,2024-03-31
SKU-00004,WH-APAC,579,66,939,7,2024-03-31
SKU-00005,WH-SOUTH,626,106,903,7,2024-03-31
SKU-00005,WH-EU,931,117,1365,7,2024-03-31
SKU-00006,WH-EAST,194,37,311,7,2024-03-31
SKU-00007,WH-WEST,35,7,52,7,2024-03-31
SKU-00007,WH-EU,68,12,102,7,2024-03-31
SKU-00007,WH-SOUTH,53,9,80,7,2024-03-31
SKU-00008,WH-WEST,244,35,375,7,2024-03-31
SKU-00009,WH-WEST,22,6,84,7,2024-03-31
SKU-00009,WH-EU,15,4,57,7,2024-03-31
SKU-00009,WH-SOUTH,23,6,88,7,2024-03-31
SKU-00010,WH-EAST,329,39,483,7,2024-03-31
SKU-00010,WH-APAC,330,33,488,7,2024-03-31
SKU-00011,WH-EU,14,5,49,7,2024-03-31
SKU-00011,WH-SOUTH,14,5,47,7,2024-03-31
SKU-00012,WH-EU,1567,268,2495,7,2024-03-31
SKU-00013,WH-EAST,245,33,394,7,2024-03-31
SKU-00013,WH-EU,226,27,366,7,2024-03-31
SKU-00014,WH-EU,228,23,379,7,2024-03-31
SKU-00014,WH-SOUTH,197,20,327,7,2024-03-31
SKU-00014,WH-EAST,224,22,372,7,2024-03-31
SKU-00015,WH-EU,132,15,198,7,2024-03-31
SKU-00015,WH-SOUTH,95,11,143,7,2024-03-31
SKU-00015,WH-WEST,136,16,204,7,2024-03-31
SKU-00016,WH-EU,62,10,87,7,2024-03-31
SKU-00016,WH-WEST,78,12,109,7,2024-03-31
SKU-00016,WH-SOUTH,92,12,130,7,2024-03-31
SKU-00017,WH-SOUTH,1638,178,2460,7,2024-03-31
SKU-00018,WH-WEST,53,8,83,7,2024-03-31
SKU-00018,WH-SOUTH,78,9,124,7,2024-03-31
SKU-00018,WH-APAC,55,7,87,7,2024-03-31
SKU-00019,WH-WEST,360,32,560,7,2024-03-31
SKU-00020,WH-WEST,1806,171,2584,7,2024-03-31
SKU-00020,WH-SOUTH,1804,148,2593,7,2024-03-31
SKU-00021,WH-APAC,167,32,305,7,2024-03-31
SKU-00021,WH-EAST,128,27,232,7,2024-03-31
SKU-00022,WH-SOUTH,107,14,202,7,2024-03-31
SKU-00022,WH-EAST,175,23,331,7,2024-03-31
SKU-00023,WH-EU,183,34,324,7,2024-03-31
SKU-00023,WH-WEST,193,37,341,7,2024-03-31
SKU-00023,WH-SOUTH,166,31,294,7,2024-03-31
SKU-00024,WH-EAST,2166,298,3218,7,2024-03-31
SKU-00024,WH-APAC,2643,395,3909,7,2024-03-31
SKU-00025,WH-APAC,154,22,236,7,2024-03-31
SKU-00025,WH-EU,181,34,273,7,2024-03-31
SKU-00026,WH-WEST,152,49,413,7,2024-03-31
SKU-00027,WH-APAC,148,21,216,7,2024-03-31
SKU-00027,WH-EU,143,19,209,7,2024-03-31
SKU-00028,WH-EU,129,22,186,7,2024-03-31
SKU-00029,WH-EAST,591,108,930,7,2024-03-31
SKU-00029,WH-WEST,1056,200,1657,7,2024-03-31
SKU-00030,WH-WEST,472,66,743,7,2024-03-31
SKU-00030,WH-APAC,433,56,685,7,2024-03-31
SKU-00031,WH-WEST,772,120,1168,7,2024-03-31
SKU-00031,WH-APAC,685,114,1032,7,2024-03-31
SKU-00031,WH-EAST,769,116,1166,7,2024-03-31
SKU-00032,WH-EU,222,19,364,7,2024-03-31
SKU-00033,WH-WEST,447,51,688,7,2024-03-31
SKU-00033,WH-SOUTH,448,46,692,7,2024-03-31
SKU-00034,WH-EU,79,11,125,7,2024-03-31
SKU-00034,WH-EAST,76,12,119,7,2024-03-31
SKU-00035,WH-WEST,97,14,144,7,2024-03-31
SKU-00035,WH-EU,161,27,237,7,2024-03-31
SKU-00035,WH-APAC,110,18,162,7,2024-03-31
SKU-00036,WH-WEST,61,7,97,7,2024-03-31
SKU-00037,WH-EU,3425,390,4870,7,2024-03-31
SKU-00038,WH-EAST,333,142,1076,7,2024-03-31
SKU-00038,WH-APAC,315,120,1072,7,2024-03-31
SKU-00039,WH-WEST,126,22,185,7,2024-03-31
SKU-00039,WH-APAC,141,24,207,7,2024-03-31
SKU-00039,WH-EU,127,25,185,7,2024-03-31
SKU-00040,WH-SOUTH,37,11,104,7,2024-03-31
SKU-00040,WH-EU,31,9,87,7,2024-03-31
SKU-00040,WH-APAC,37,11,102,7,2024-03-31
SKU-00041,WH-EU,3020,246,4651,7,2024-03-31
SKU-00041,WH-APAC,2887,198,4468,7,2024-03-31
SKU-00042,WH-EAST,150,12,222,7,2024-03-31
SKU-00043,WH-WEST,215,32,337,7,2024-03-31
SKU-00043,WH-SOUTH,171,30,265,7,2024-03-31
SKU-00043,WH-APAC,171,30,266,7,2024-03-31
SKU-00044,WH-SOUTH,517,60,775,7,2024-03-31
SKU-00045,WH-WEST,391,64,583,7,2024-03-31
SKU-00045,WH-EAST,561,92,837,7,2024-03-31
SKU-00046,WH-APAC,289,32,472,7,2024-03-31
SKU-00046,WH-SOUTH,189,16,312,7,2024-03-31
SKU-00047,WH-EU,194,16,292,7,2024-03-31
SKU-00047,WH-WEST,171,14,258,7,2024-03-31
SKU-00048,WH-SOUTH,32,4,48,7,2024-03-31
SKU-00048,WH-APAC,44,6,65,7,2024-03-31
SKU-00048,WH-EAST,41,6,61,7,2024-03-31
SKU-00049,WH-EU,1232,207,1915,7,2024-03-31
SKU-00049,WH-SOUTH,969,166,1504,7,2024-03-31
SKU-00050,WH-EAST,644,83,974,7,2024-03-31
SKU-00051,WH-EAST,381,52,567,7,2024-03-31
SKU-00052,WH-SOUTH,209,34,308,7,2024-03-31
SKU-00052,WH-APAC,275,41,407,7,2024-03-31
SKU-00053,WH-EU,865,127,1515,7,2024-03-31
SKU-00053,WH-WEST,1283,214,2225,7,2024-03-31
SKU-00053,WH-APAC,1184,196,2054,7,2024-03-31
SKU-00054,WH-WEST,358,60,567,7,2024-03-31
SKU-00054,WH-APAC,289,50,457,7,2024-03-31
SKU-00055,WH-WEST,68,7,112,7,2024-03-31
SKU-00056,WH-WEST,213,37,310,7,2024-03-31
SKU-00056,WH-SOUTH,171,27,251,7,2024-03-31
SKU-00056,WH-EAST,245,42,357,7,2024-03-31
SKU-00057,WH-WEST,59,9,94,7,2024-03-31
SKU-00057,WH-APAC,78,12,124,7,2024-03-31
SKU-00057,WH-EU,79,13,125,7,2024-03-31
SKU-00058,WH-EU,306,44,502,7,2024-03-31
SKU-00059,WH-EAST,93,15,137,7,2024-03-31
SKU-00059,WH-APAC,105,17,155,7,2024-03-31
SKU-00059,WH-WEST,90,15,132,7,2024-03-31
SKU-00060,WH-SOUTH,93,14,135,7,2024-03-31
SKU-00060,WH-EU,68,9,100,7,2024-03-31
SKU-00061,WH-WEST,314,33,461,7,2024-03-31
SKU-00061,WH-EAST,281,34,410,7,2024-03-31
SKU-00062,WH-EU,17,2,31,7,2024-03-31
SKU-00062,WH-SOUTH,16,2,29,7,2024-03-31
SKU-00062,WH-EAST,24,4,43,7,2024-03-31
SKU-00063,WH-SOUTH,383,51,566,7,2024-03-31
SKU-00063,WH-WEST,477,56,709,7,2024-03-31
SKU-00063,WH-EAST,514,59,765,7,2024-03-31
SKU-00064,WH-SOUTH,844,185,1424,7,2024-03-31
SKU-00065,WH-EU,110,11,180,7,2024-03-31
SKU-00066,WH-APAC,109,16,164,7,2024-03-31
SKU-00066,WH-EU,168,24,252,7,2024-03-31
SKU-00066,WH-EAST,164,23,247,7,2024-03-31
SKU-00067,WH-EAST,935,175,1480,7,2024-03-31
SKU-00068,WH-SOUTH,274,62,425,7,2024-03-31
SKU-00068,WH-EAST,232,44,366,7,2024-03-31
SKU-00068,WH-WEST,286,50,455,7,2024-03-31
SKU-00069,WH-SOUTH,1635,302,2896,7,2024-03-31
SKU-00070,WH-EAST,33,7,98,7,2024-03-31
SKU-00070,WH-APAC,34,8,101,7,2024-03-31
SKU-00071,WH-EAST,1547,249,2412,7,2024-03-31
SKU-00072,WH-SOUTH,88,7,131,7,2024-03-31
SKU-00072,WH-APAC,110,7,165,7,2024-03-31
SKU-00073,WH-EAST,1222,131,1791,7,2024-03-31
SKU-00073,WH-EU,673,85,980,7,2024-03-31
SKU-00074,WH-EAST,74,11,104,7,2024-03-31
SKU-00074,WH-APAC,88,12,124,7,2024-03-31
SKU-00074,WH-WEST,80,12,112,7,2024-03-31
SKU-00075,WH-WEST,21,8,72,7,2024-03-31
SKU-00076,WH-SOUTH,441,89,1335,7,2024-03-31
SKU-00076,WH-EU,461,87,1409,7,2024-03-31
SKU-00076,WH-EAST,324,63,987,7,2024-03-31
SKU-00077,WH-WEST,580,99,852,7,2024-03-31
SKU-00077,WH-EU,864,149,1268,7,2024-03-31
SKU-00077,WH-APAC,750,120,1106,7,2024-03-31
SKU-00078,WH-EAST,568,62,1046,7,2024-03-31
SKU-00079,WH-EAST,283,45,458,7,2024-03-31
SKU-00079,WH-SOUTH,300,43,489,7,2024-03-31
SKU-00080,WH-WEST,518,53,864,7,2024-03-31
SKU-00081,WH-WEST,84,10,137,7,2024-03-31
SKU-00081,WH-EU,126,13,207,7,2024-03-31
SKU-00081,WH-SOUTH,104,11,171,7,2024-03-31
SKU-00082,WH-EAST,848,155,1343,7,2024-03-31
SKU-00083,WH-SOUTH,277,51,439,7,2024-03-31
SKU-00084,WH-WEST,144,31,228,7,2024-03-31
SKU-00084,WH-EU,117,21,188,7,2024-03-31
SKU-00085,WH-EU,1154,114,1740,7,2024-03-31
SKU-00086,WH-APAC,8,3,21,7,2024-03-31
SKU-00086,WH-EU,11,4,28,7,2024-03-31
SKU-00086,WH-EAST,11,4,29,7,2024-03-31
SKU-00087,WH-EU,1191,99,2059,7,2024-03-31
SKU-00087,WH-WEST,1008,87,1740,7,2024-03-31
SKU-00087,WH-EAST,887,76,1531,7,2024-03-31
SKU-00088,WH-SOUTH,6841,887,10014,7,2024-03-31
SKU-00088,WH-EAST,9996,1339,14610,7,2024-03-31
SKU-00088,WH-WEST,10969,1434,16051,7,2024-03-31
SKU-00089,WH-EAST,332,40,541,7,2024-03-31
SKU-00090,WH-EAST,215,29,312,7,2024-03-31
SKU-00090,WH-SOUTH,178,19,261,7,2024-03-31
SKU-00090,WH-WEST,200,24,292,7,2024-03-31
